t1_ph,t2_ph,phone,t1_wd,t2_wd,word,t1_stop,t2_stop,stop,t1_vot,t2_vot,vot,fname,speaker,ph_per_wd,wd_dur,speakerLang
23.721125,23.851125,K,23.721125,24.141125,can,23.721125,23.851125,K,23.788,23.863,0.07499999999999929,/Users/ernesto/Desktop/Projects/vot-cp/vot-dev/output/DP_IT_01_SP_02_EN_IT_01_DP_IT_01_SP_02_EN_SP_02_output.TextGrid,1,3,0.3531249999999986,italian
35.68075,35.78075,K,35.68075,35.978775,kid,35.68075,35.78075,K,35.729,35.792,0.06300000000000239,/Users/ernesto/Desktop/Projects/vot-cp/vot-dev/output/DP_IT_01_SP_02_EN_IT_01_DP_IT_01_SP_02_EN_SP_02_output.TextGrid,1,3,0.24977499999999964,italian
70.424875,70.594875,K,70.424875,70.935409,comma,70.424875,70.594875,K,70.525,70.6,0.07499999999998863,/Users/ernesto/Desktop/Projects/vot-cp/vot-dev/output/DP_IT_01_SP_02_EN_IT_01_DP_IT_01_SP_02_EN_SP_02_output.TextGrid,1,4,0.41040900000000136,italian
169.96275,170.08275,K,169.96275,170.23275,kind,169.96275,170.08275,K,170.037,170.079,0.04200000000000159,/Users/ernesto/Desktop/Projects/vot-cp/vot-dev/output/DP_IT_01_SP_02_EN_IT_01_DP_IT_01_SP_02_EN_SP_02_output.TextGrid,1,4,0.19575000000000387,italian
171.669375,171.769375,K,171.669375,171.899375,can,171.669375,171.769375,K,171.729,171.77,0.04099999999999682,/Users/ernesto/Desktop/Projects/vot-cp/vot-dev/output/DP_IT_01_SP_02_EN_IT_01_DP_IT_01_SP_02_EN_SP_02_output.TextGrid,1,3,0.17037499999997863,italian
260.188,260.258,T,260.188,260.638,talking,260.188,260.258,T,260.236,260.269,0.03300000000001546,/Users/ernesto/Desktop/Projects/vot-cp/vot-dev/output/DP_IT_01_SP_02_EN_IT_01_DP_IT_01_SP_02_EN_SP_02_output.TextGrid,1,5,0.4019999999999868,italian
280.312875,280.432875,K,280.312875,280.632875,kind,280.312875,280.432875,K,280.384,280.44,0.055999999999983174,/Users/ernesto/Desktop/Projects/vot-cp/vot-dev/output/DP_IT_01_SP_02_EN_IT_01_DP_IT_01_SP_02_EN_SP_02_output.TextGrid,1,4,0.24887499999999818,italian
350.367625,350.477625,K,350.367625,350.771429,cat,350.367625,350.477625,K,350.433,350.492,0.05900000000002592,/Users/ernesto/Desktop/Projects/vot-cp/vot-dev/output/DP_IT_01_SP_02_EN_IT_01_DP_IT_01_SP_02_EN_SP_02_output.TextGrid,1,4,0.3384290000000192,italian
370.251125,370.381125,K,370.251125,370.640032,cat,370.251125,370.381125,K,370.336,370.38,0.04399999999998272,/Users/ernesto/Desktop/Projects/vot-cp/vot-dev/output/DP_IT_01_SP_02_EN_IT_01_DP_IT_01_SP_02_EN_SP_02_output.TextGrid,1,4,0.3040320000000065,italian
390.981875,391.021875,K,390.981875,391.431875,completely,390.981875,391.021875,K,391.00519796487595,391.031,0.025802035124058875,/Users/ernesto/Desktop/Projects/vot-cp/vot-dev/output/DP_IT_01_SP_02_EN_IT_01_DP_IT_01_SP_02_EN_SP_02_output.TextGrid,1,9,0.42667703512404387,italian
398.393,398.483,P,398.393,398.843,poster,398.393,398.483,P,398.48580313303427,398.4947633086999,0.008960175665606585,/Users/ernesto/Desktop/Projects/vot-cp/vot-dev/output/DP_IT_01_SP_02_EN_IT_01_DP_IT_01_SP_02_EN_SP_02_output.TextGrid,1,5,0.3571968669657508,italian
455.474875,455.594875,K,455.474875,455.91263,cup,455.474875,455.594875,K,455.552,455.608,0.055999999999983174,/Users/ernesto/Desktop/Projects/vot-cp/vot-dev/output/DP_IT_01_SP_02_EN_IT_01_DP_IT_01_SP_02_EN_SP_02_output.TextGrid,1,3,0.3606299999999578,italian
456.711,456.951,T,456.711,457.601221,tea,456.711,456.951,T,456.89312614930674,456.936,0.042873850693240456,/Users/ernesto/Desktop/Projects/vot-cp/vot-dev/output/DP_IT_01_SP_02_EN_IT_01_DP_IT_01_SP_02_EN_SP_02_output.TextGrid,1,3,0.7080948506932714,italian
458.222875,458.322875,T,458.222875,458.460039,too,458.222875,458.322875,T,458.281,458.365,0.08400000000000318,/Users/ernesto/Desktop/Projects/vot-cp/vot-dev/output/DP_IT_01_SP_02_EN_IT_01_DP_IT_01_SP_02_EN_SP_02_output.TextGrid,1,2,0.17903899999998885,italian
467.1791127949976,467.2215572789445,T,467.1791127949976,467.30526723339534,to,467.1791127949976,467.2215572789445,T,467.1921540566973,467.2180923524426,0.025938295745334017,/Users/ernesto/Desktop/Projects/vot-cp/vot-dev/output/DP_IT_01_SP_02_EN_IT_01_DP_IT_01_SP_02_EN_SP_02_output.TextGrid,1,2,0.11311317669805021,italian
467.30526723339534,467.3913352147321,P,467.30526723339534,468.196375,protect,467.30526723339534,467.3913352147321,P,467.32080419383243,467.34910051646375,0.02829632263131998,/Users/ernesto/Desktop/Projects/vot-cp/vot-dev/output/DP_IT_01_SP_02_EN_IT_01_DP_IT_01_SP_02_EN_SP_02_output.TextGrid,1,7,0.8755708061675591,italian
502.08025,502.18025,K,502.08025,502.47025,course,502.08025,502.18025,K,502.145,502.178,0.03300000000001546,/Users/ernesto/Desktop/Projects/vot-cp/vot-dev/output/DP_IT_01_SP_02_EN_IT_01_DP_IT_01_SP_02_EN_SP_02_output.TextGrid,1,4,0.32525000000003956,italian
537.7095,537.8795,P,537.7095,538.133304,please,537.7095,537.8795,P,537.859,537.892,0.03300000000001546,/Users/ernesto/Desktop/Projects/vot-cp/vot-dev/output/DP_IT_01_SP_02_EN_IT_01_DP_IT_01_SP_02_EN_SP_02_output.TextGrid,1,4,0.2743039999999155,italian
587.504125,587.564125,P,587.504125,587.964125,protect,587.504125,587.564125,P,587.552,587.567,0.014999999999986358,/Users/ernesto/Desktop/Projects/vot-cp/vot-dev/output/DP_IT_01_SP_02_EN_IT_01_DP_IT_01_SP_02_EN_SP_02_output.TextGrid,1,6,0.41212499999994634,italian
587.964125,588.134125,K,587.964125,588.512125,clothes,587.964125,588.134125,K,588.072,588.164,0.09199999999998454,/Users/ernesto/Desktop/Projects/vot-cp/vot-dev/output/DP_IT_01_SP_02_EN_IT_01_DP_IT_01_SP_02_EN_SP_02_output.TextGrid,1,4,0.44012499999996635,italian
590.008,590.078,P,590.008,590.544587,pants,590.008,590.078,P,590.057,590.087,0.029999999999972715,/Users/ernesto/Desktop/Projects/vot-cp/vot-dev/output/DP_IT_01_SP_02_EN_IT_01_DP_IT_01_SP_02_EN_SP_02_output.TextGrid,1,5,0.48758699999996225,italian
595.80375,595.92375,P,595.80375,596.24375,pink,595.80375,595.92375,P,595.912,595.935,0.02299999999991087,/Users/ernesto/Desktop/Projects/vot-cp/vot-dev/output/DP_IT_01_SP_02_EN_IT_01_DP_IT_01_SP_02_EN_SP_02_output.TextGrid,1,4,0.3317499999999427,italian
640.84,640.88,K,640.84,640.95,co-,640.84,640.88,K,640.852,640.887,0.03499999999996817,/Users/ernesto/Desktop/Projects/vot-cp/vot-dev/output/DP_IT_01_SP_02_EN_IT_01_DP_IT_01_SP_02_EN_SP_02_output.TextGrid,1,2,0.09800000000007003,italian
66.93802,67.049875,K,66.93802,67.452413,color,66.93802,67.049875,K,66.95,67.054,0.1039999999999992,/Users/ernesto/Desktop/Projects/vot-cp/vot-dev/output/DP_CHF_04_KOF_03_EN_KOF_03_DP_CHF_04_KOF_03_EN_CHF_04_output.TextGrid,1,4,0.5024130000000042,chinese
92.99075,93.11075,K,92.99075,93.459498,color,92.99075,93.11075,K,93.052,93.11,0.057999999999992724,/Users/ernesto/Desktop/Projects/vot-cp/vot-dev/output/DP_CHF_04_KOF_03_EN_KOF_03_DP_CHF_04_KOF_03_EN_CHF_04_output.TextGrid,1,4,0.4074979999999897,chinese
113.568999,113.643281,T,113.568999,113.706375,to,113.568999,113.643281,T,113.601,113.639,0.0379999999999967,/Users/ernesto/Desktop/Projects/vot-cp/vot-dev/output/DP_CHF_04_KOF_03_EN_KOF_03_DP_CHF_04_KOF_03_EN_CHF_04_output.TextGrid,1,2,0.10537499999999511,chinese
114.417779,114.541849,K,114.417779,115.176375,cocktail,114.417779,114.541849,K,114.44558758354773,114.52860660435033,0.08301902080259538,/Users/ernesto/Desktop/Projects/vot-cp/vot-dev/output/DP_CHF_04_KOF_03_EN_KOF_03_DP_CHF_04_KOF_03_EN_CHF_04_output.TextGrid,1,6,0.7307874164522588,chinese
125.81835207513933,125.85760125682569,T,125.81835207513933,125.883,to,125.81835207513933,125.85158580740054,T,125.82233481682292,125.856,0.033665183177078006,/Users/ernesto/Desktop/Projects/vot-cp/vot-dev/output/DP_CHF_04_KOF_03_EN_KOF_03_DP_CHF_04_KOF_03_EN_CHF_04_output.TextGrid,1,2,0.06066518317707903,chinese
128.878625,128.988625,T,128.878625,129.470571,[T:AY:D:ER_title],128.878625,128.988625,T,128.917,128.982,0.06499999999999773,/Users/ernesto/Desktop/Projects/vot-cp/vot-dev/output/DP_CHF_04_KOF_03_EN_KOF_03_DP_CHF_04_KOF_03_EN_CHF_04_output.TextGrid,1,4,0.5535710000000051,chinese
134.338625,134.408625,P,134.338625,134.758625,picture,134.338625,134.408625,P,134.375,134.423,0.04800000000000182,/Users/ernesto/Desktop/Projects/vot-cp/vot-dev/output/DP_CHF_04_KOF_03_EN_KOF_03_DP_CHF_04_KOF_03_EN_CHF_04_output.TextGrid,1,5,0.383624999999995,chinese
136.47475,136.59475,K,136.47475,137.677718,cup,136.47475,136.59475,K,136.518,136.6,0.08199999999999363,/Users/ernesto/Desktop/Projects/vot-cp/vot-dev/output/DP_CHF_04_KOF_03_EN_KOF_03_DP_CHF_04_KOF_03_EN_CHF_04_output.TextGrid,1,3,1.159717999999998,chinese
140.798,140.908,P,140.798,141.248,pink,140.798,140.908,P,140.873,140.909,0.036000000000001364,/Users/ernesto/Desktop/Projects/vot-cp/vot-dev/output/DP_CHF_04_KOF_03_EN_KOF_03_DP_CHF_04_KOF_03_EN_CHF_04_output.TextGrid,1,4,0.375,chinese
142.463848,142.55375,P,142.463848,142.89375,purple,142.463848,142.55375,P,142.491,142.554,0.06299999999998818,/Users/ernesto/Desktop/Projects/vot-cp/vot-dev/output/DP_CHF_04_KOF_03_EN_KOF_03_DP_CHF_04_KOF_03_EN_CHF_04_output.TextGrid,1,5,0.4027499999999975,chinese
145.73375,145.86375,K,145.73375,145.99375,kind,145.73375,145.86375,K,145.792,145.87,0.07800000000000296,/Users/ernesto/Desktop/Projects/vot-cp/vot-dev/output/DP_CHF_04_KOF_03_EN_KOF_03_DP_CHF_04_KOF_03_EN_CHF_04_output.TextGrid,1,4,0.2017500000000041,chinese
179.291452,179.381375,K,179.291452,179.531375,kind,179.291452,179.381375,K,179.325,179.386,0.06100000000000705,/Users/ernesto/Desktop/Projects/vot-cp/vot-dev/output/DP_CHF_04_KOF_03_EN_KOF_03_DP_CHF_04_KOF_03_EN_CHF_04_output.TextGrid,1,4,0.2063750000000084,chinese
183.153625,183.263625,K,183.153625,183.663625,color,183.153625,183.263625,K,183.18,183.254,0.07399999999998386,/Users/ernesto/Desktop/Projects/vot-cp/vot-dev/output/DP_CHF_04_KOF_03_EN_KOF_03_DP_CHF_04_KOF_03_EN_CHF_04_output.TextGrid,1,4,0.4836249999999893,chinese
206.256981,206.349001,K,206.256981,206.715852,color,206.256981,206.349001,K,206.266,206.341,0.07500000000001705,/Users/ernesto/Desktop/Projects/vot-cp/vot-dev/output/DP_CHF_04_KOF_03_EN_KOF_03_DP_CHF_04_KOF_03_EN_CHF_04_output.TextGrid,1,4,0.44985200000002123,chinese
232.618928,232.708875,K,232.618928,232.938411,cup,232.618928,232.708875,K,232.648,232.728,0.0800000000000125,/Users/ernesto/Desktop/Projects/vot-cp/vot-dev/output/DP_CHF_04_KOF_03_EN_KOF_03_DP_CHF_04_KOF_03_EN_CHF_04_output.TextGrid,1,3,0.29041100000000597,chinese
246.200875,246.290875,T,246.200875,246.440875,two,246.200875,246.290875,T,246.212,246.305,0.09300000000001774,/Users/ernesto/Desktop/Projects/vot-cp/vot-dev/output/DP_CHF_04_KOF_03_EN_KOF_03_DP_CHF_04_KOF_03_EN_CHF_04_output.TextGrid,1,2,0.22887500000001637,chinese
248.5325,248.6525,K,248.5325,249.126433,cabbage,248.5325,248.6525,K,248.562,248.658,0.09599999999997522,/Users/ernesto/Desktop/Projects/vot-cp/vot-dev/output/DP_CHF_04_KOF_03_EN_KOF_03_DP_CHF_04_KOF_03_EN_CHF_04_output.TextGrid,1,5,0.5644329999999798,chinese
261.619375,261.779375,K,261.619375,261.899375,kind,261.619375,261.779375,K,261.698,261.78,0.08199999999999363,/Users/ernesto/Desktop/Projects/vot-cp/vot-dev/output/DP_CHF_04_KOF_03_EN_KOF_03_DP_CHF_04_KOF_03_EN_CHF_04_output.TextGrid,1,4,0.20137500000004138,chinese
299.12025,299.18025,T,299.12025,299.279855,to,299.12025,299.18025,T,299.152,299.186,0.033999999999991815,/Users/ernesto/Desktop/Projects/vot-cp/vot-dev/output/DP_CHF_04_KOF_03_EN_KOF_03_DP_CHF_04_KOF_03_EN_CHF_04_output.TextGrid,1,2,0.12785500000001093,chinese
300.763963,300.8517063676266,P,300.763963,300.945811,pork,300.763963,300.8517063676266,P,300.7848008635573,300.83643445908905,0.051633595531768606,/Users/ernesto/Desktop/Projects/vot-cp/vot-dev/output/DP_CHF_04_KOF_03_EN_KOF_03_DP_CHF_04_KOF_03_EN_CHF_04_output.TextGrid,1,4,0.16101013644271234,chinese
313.88225,314.01225,T,313.88225,314.07225,two,313.88225,314.01225,T,313.95,314.018,0.06799999999998363,/Users/ernesto/Desktop/Projects/vot-cp/vot-dev/output/DP_CHF_04_KOF_03_EN_KOF_03_DP_CHF_04_KOF_03_EN_CHF_04_output.TextGrid,1,2,0.12225000000000819,chinese
320.62973,320.72675,T,320.62973,321.052002,two,320.62973,320.72675,T,320.654,320.737,0.08300000000002683,/Users/ernesto/Desktop/Projects/vot-cp/vot-dev/output/DP_CHF_04_KOF_03_EN_KOF_03_DP_CHF_04_KOF_03_EN_CHF_04_output.TextGrid,1,2,0.3980020000000195,chinese
322.308892,322.428875,T,322.308892,322.538875,two,322.308892,322.428875,T,322.367,322.43,0.06299999999998818,/Users/ernesto/Desktop/Projects/vot-cp/vot-dev/output/DP_CHF_04_KOF_03_EN_KOF_03_DP_CHF_04_KOF_03_EN_CHF_04_output.TextGrid,1,2,0.171875,chinese
358.1325,358.2025,K,358.1325,358.555643,color,358.1325,358.2025,K,358.17,358.207,0.03699999999997772,/Users/ernesto/Desktop/Projects/vot-cp/vot-dev/output/DP_CHF_04_KOF_03_EN_KOF_03_DP_CHF_04_KOF_03_EN_CHF_04_output.TextGrid,1,4,0.3856429999999591,chinese
363.905165,364.003047,K,363.905165,364.113502,kind,363.905165,364.003047,K,363.95,364.003,0.05299999999999727,/Users/ernesto/Desktop/Projects/vot-cp/vot-dev/output/DP_CHF_04_KOF_03_EN_KOF_03_DP_CHF_04_KOF_03_EN_CHF_04_output.TextGrid,1,4,0.16350199999999404,chinese
365.252375,365.312375,P,365.252375,365.715705,purple,365.252375,365.312375,P,365.236,365.306,0.06999999999999318,/Users/ernesto/Desktop/Projects/vot-cp/vot-dev/output/DP_CHF_04_KOF_03_EN_KOF_03_DP_CHF_04_KOF_03_EN_CHF_04_output.TextGrid,1,5,0.47970500000002403,chinese
370.844625,370.974625,K,370.844625,371.624625,color,370.844625,370.974625,K,370.902,370.975,0.07300000000003593,/Users/ernesto/Desktop/Projects/vot-cp/vot-dev/output/DP_CHF_04_KOF_03_EN_KOF_03_DP_CHF_04_KOF_03_EN_CHF_04_output.TextGrid,1,4,0.7226249999999936,chinese
371.624625,371.714625,P,371.624625,372.224625,pant,371.624625,371.714625,P,371.675,371.719,0.04399999999998272,/Users/ernesto/Desktop/Projects/vot-cp/vot-dev/output/DP_CHF_04_KOF_03_EN_KOF_03_DP_CHF_04_KOF_03_EN_CHF_04_output.TextGrid,1,4,0.5496249999999918,chinese
375.318125,375.408125,P,375.318125,376.728125,pant,375.318125,375.408125,P,375.363,375.416,0.05299999999999727,/Users/ernesto/Desktop/Projects/vot-cp/vot-dev/output/DP_CHF_04_KOF_03_EN_KOF_03_DP_CHF_04_KOF_03_EN_CHF_04_output.TextGrid,1,4,1.3651249999999777,chinese
388.89725,388.93725,T,388.89725,388.98725,to,388.89725,388.93725,T,388.891,388.935,0.04399999999998272,/Users/ernesto/Desktop/Projects/vot-cp/vot-dev/output/DP_CHF_04_KOF_03_EN_KOF_03_DP_CHF_04_KOF_03_EN_CHF_04_output.TextGrid,1,2,0.09624999999999773,chinese
391.466189,391.54725,P,391.466189,391.67725,Pete-,391.466189,391.54725,P,391.488,391.551,0.06299999999998818,/Users/ernesto/Desktop/Projects/vot-cp/vot-dev/output/DP_CHF_04_KOF_03_EN_KOF_03_DP_CHF_04_KOF_03_EN_CHF_04_output.TextGrid,1,4,0.18925000000001546,chinese
392.163936,392.23725,P,392.163936,392.779209,[P:IY:T:IY:Z_Pete's],392.163936,392.23725,P,392.182,392.239,0.05699999999995953,/Users/ernesto/Desktop/Projects/vot-cp/vot-dev/output/DP_CHF_04_KOF_03_EN_KOF_03_DP_CHF_04_KOF_03_EN_CHF_04_output.TextGrid,1,5,0.5972089999999639,chinese
392.92544,393.00725,P,392.92544,393.24725,Pet,392.92544,393.00725,P,392.933,393.0,0.06700000000000728,/Users/ernesto/Desktop/Projects/vot-cp/vot-dev/output/DP_CHF_04_KOF_03_EN_KOF_03_DP_CHF_04_KOF_03_EN_CHF_04_output.TextGrid,1,3,0.31425000000001546,chinese
404.001625,404.041625,T,404.001625,404.071625,to,404.001625,404.041625,T,403.999,404.06,0.06099999999997863,/Users/ernesto/Desktop/Projects/vot-cp/vot-dev/output/DP_CHF_04_KOF_03_EN_KOF_03_DP_CHF_04_KOF_03_EN_CHF_04_output.TextGrid,1,2,0.07262499999995953,chinese
405.674177,405.759898,P,405.674177,405.841298,pic-,405.674177,405.759898,P,405.686,405.758,0.07200000000000273,/Users/ernesto/Desktop/Projects/vot-cp/vot-dev/output/DP_CHF_04_KOF_03_EN_KOF_03_DP_CHF_04_KOF_03_EN_CHF_04_output.TextGrid,1,3,0.15529800000001615,chinese
419.848125,419.998125,P,419.848125,420.416481,post,419.848125,419.998125,P,419.922,419.998,0.07599999999996498,/Users/ernesto/Desktop/Projects/vot-cp/vot-dev/output/DP_CHF_04_KOF_03_EN_KOF_03_DP_CHF_04_KOF_03_EN_CHF_04_output.TextGrid,1,4,0.49448099999995065,chinese
429.528875,429.668875,K,429.528875,429.778875,kind,429.528875,429.668875,K,429.604,429.661,0.05700000000001637,/Users/ernesto/Desktop/Projects/vot-cp/vot-dev/output/DP_CHF_04_KOF_03_EN_KOF_03_DP_CHF_04_KOF_03_EN_CHF_04_output.TextGrid,1,4,0.17487500000004275,chinese
435.53,435.65,K,435.53,436.0642,color,435.53,435.65,K,435.57,435.653,0.08300000000002683,/Users/ernesto/Desktop/Projects/vot-cp/vot-dev/output/DP_CHF_04_KOF_03_EN_KOF_03_DP_CHF_04_KOF_03_EN_CHF_04_output.TextGrid,1,4,0.49420000000003483,chinese
450.7455,450.9355,T,450.7455,451.1255,two,450.7455,450.9355,T,450.83,450.937,0.10700000000002774,/Users/ernesto/Desktop/Projects/vot-cp/vot-dev/output/DP_CHF_04_KOF_03_EN_KOF_03_DP_CHF_04_KOF_03_EN_CHF_04_output.TextGrid,1,2,0.2955000000000041,chinese
458.957125,459.007125,T,458.957125,459.067125,to,458.957125,459.007125,T,458.977,459.007,0.03000000000002956,/Users/ernesto/Desktop/Projects/vot-cp/vot-dev/output/DP_CHF_04_KOF_03_EN_KOF_03_DP_CHF_04_KOF_03_EN_CHF_04_output.TextGrid,1,2,0.09012500000000045,chinese
459.446076,459.530033,P,459.446076,459.717125,pet,459.446076,459.530033,P,459.458,459.515,0.05699999999995953,/Users/ernesto/Desktop/Projects/vot-cp/vot-dev/output/DP_CHF_04_KOF_03_EN_KOF_03_DP_CHF_04_KOF_03_EN_CHF_04_output.TextGrid,1,3,0.2591249999999832,chinese
461.127125,461.257125,T,461.127125,461.487125,tree,461.127125,461.257125,T,461.171,461.281,0.11000000000001364,/Users/ernesto/Desktop/Projects/vot-cp/vot-dev/output/DP_CHF_04_KOF_03_EN_KOF_03_DP_CHF_04_KOF_03_EN_CHF_04_output.TextGrid,1,3,0.31612499999999955,chinese
468.698875,468.838875,T,468.698875,469.115358,tree,468.698875,468.838875,T,468.782,468.87,0.08800000000002228,/Users/ernesto/Desktop/Projects/vot-cp/vot-dev/output/DP_CHF_04_KOF_03_EN_KOF_03_DP_CHF_04_KOF_03_EN_CHF_04_output.TextGrid,1,3,0.33335800000003246,chinese
475.392125,475.452125,T,475.392125,475.492125,to,475.392125,475.452125,T,475.44,475.456,0.016000000000019554,/Users/ernesto/Desktop/Projects/vot-cp/vot-dev/output/DP_CHF_04_KOF_03_EN_KOF_03_DP_CHF_04_KOF_03_EN_CHF_04_output.TextGrid,1,2,0.05212499999998954,chinese
475.492125,475.572125,K,475.492125,475.712125,call,475.492125,475.572125,K,475.456,475.547,0.09100000000000819,/Users/ernesto/Desktop/Projects/vot-cp/vot-dev/output/DP_CHF_04_KOF_03_EN_KOF_03_DP_CHF_04_KOF_03_EN_CHF_04_output.TextGrid,1,3,0.25612499999999727,chinese
482.763233,482.863774,T,482.763233,482.909381,to,482.763233,482.863774,T,482.805,482.863,0.057999999999992724,/Users/ernesto/Desktop/Projects/vot-cp/vot-dev/output/DP_CHF_04_KOF_03_EN_KOF_03_DP_CHF_04_KOF_03_EN_CHF_04_output.TextGrid,1,2,0.1043809999999894,chinese
485.79375,485.92375,K,485.79375,486.44375,collect,485.79375,485.92375,K,485.866,485.935,0.06900000000001683,/Users/ernesto/Desktop/Projects/vot-cp/vot-dev/output/DP_CHF_04_KOF_03_EN_KOF_03_DP_CHF_04_KOF_03_EN_CHF_04_output.TextGrid,1,6,0.5777500000000373,chinese
491.593125,491.673125,T,491.593125,491.833125,to,491.593125,491.673125,T,491.598,491.677,0.07900000000000773,/Users/ernesto/Desktop/Projects/vot-cp/vot-dev/output/DP_CHF_04_KOF_03_EN_KOF_03_DP_CHF_04_KOF_03_EN_CHF_04_output.TextGrid,1,2,0.23512499999998226,chinese
491.833125,491.963125,K,491.833125,492.113125,call,491.833125,491.963125,K,491.864,491.983,0.1190000000000282,/Users/ernesto/Desktop/Projects/vot-cp/vot-dev/output/DP_CHF_04_KOF_03_EN_KOF_03_DP_CHF_04_KOF_03_EN_CHF_04_output.TextGrid,1,3,0.2491250000000491,chinese
54.64495,54.735875,K,54.64495,54.815875,can,54.64495,54.735875,K,54.691,54.732,0.04099999999999682,/Users/ernesto/Desktop/Projects/vot-cp/vot-dev/output/DP_TH_01_KO_05_EN_TH_01_DP_TH_01_KO_05_EN_KO_05_output.TextGrid,1,3,0.12487499999999585,thai
62.15325,62.26325,K,62.15325,62.45325,can't,62.15325,62.26325,K,62.215,62.267,0.0519999999999996,/Users/ernesto/Desktop/Projects/vot-cp/vot-dev/output/DP_TH_01_KO_05_EN_TH_01_DP_TH_01_KO_05_EN_KO_05_output.TextGrid,1,4,0.23824999999999363,thai
82.166974,82.296875,K,82.166974,82.406875,can,82.166974,82.296875,K,82.279,82.296,0.017000000000010118,/Users/ernesto/Desktop/Projects/vot-cp/vot-dev/output/DP_TH_01_KO_05_EN_TH_01_DP_TH_01_KO_05_EN_KO_05_output.TextGrid,1,3,0.12787500000000307,thai
82.406875,82.436875,K,82.406875,82.566875,can,82.406875,82.436875,K,82.421,82.448,0.026999999999986812,/Users/ernesto/Desktop/Projects/vot-cp/vot-dev/output/DP_TH_01_KO_05_EN_TH_01_DP_TH_01_KO_05_EN_KO_05_output.TextGrid,1,3,0.14587499999998954,thai
117.445,117.535,T,117.445,117.955,too,117.445,117.535,T,117.471,117.539,0.06799999999999784,/Users/ernesto/Desktop/Projects/vot-cp/vot-dev/output/DP_TH_01_KO_05_EN_TH_01_DP_TH_01_KO_05_EN_KO_05_output.TextGrid,1,2,0.48399999999999466,thai
129.47675,129.67675,P,129.47675,129.86675,pork,129.47675,129.67675,P,129.619,129.687,0.06800000000001205,/Users/ernesto/Desktop/Projects/vot-cp/vot-dev/output/DP_TH_01_KO_05_EN_TH_01_DP_TH_01_KO_05_EN_KO_05_output.TextGrid,1,4,0.24774999999999636,thai
150.453125,150.563125,T,150.453125,151.023125,triangle,150.453125,150.563125,T,150.484,150.566,0.08199999999999363,/Users/ernesto/Desktop/Projects/vot-cp/vot-dev/output/DP_TH_01_KO_05_EN_TH_01_DP_TH_01_KO_05_EN_KO_05_output.TextGrid,1,8,0.5391249999999843,thai
200.103375,200.203375,T,200.103375,200.373375,two,200.103375,200.203375,T,200.155,200.21,0.05500000000000682,/Users/ernesto/Desktop/Projects/vot-cp/vot-dev/output/DP_TH_01_KO_05_EN_TH_01_DP_TH_01_KO_05_EN_KO_05_output.TextGrid,1,2,0.21837500000000887,thai
212.44175,212.63175,P,212.44175,212.84175,pet,212.44175,212.63175,P,212.591,212.631,0.03999999999999204,/Users/ernesto/Desktop/Projects/vot-cp/vot-dev/output/DP_TH_01_KO_05_EN_TH_01_DP_TH_01_KO_05_EN_KO_05_output.TextGrid,1,3,0.25074999999998226,thai
216.70375,216.84375,P,216.70375,217.16375,picture,216.70375,216.84375,P,216.815,216.848,0.03300000000001546,/Users/ernesto/Desktop/Projects/vot-cp/vot-dev/output/DP_TH_01_KO_05_EN_TH_01_DP_TH_01_KO_05_EN_KO_05_output.TextGrid,1,5,0.34874999999999545,thai
217.38375,217.50375,K,217.38375,218.015521,cat,217.38375,217.50375,K,217.434,217.485,0.051000000000016144,/Users/ernesto/Desktop/Projects/vot-cp/vot-dev/output/DP_TH_01_KO_05_EN_TH_01_DP_TH_01_KO_05_EN_KO_05_output.TextGrid,1,3,0.5815210000000093,thai
232.783,232.943,P,232.783,233.281218,P,232.783,232.943,P,232.875,232.953,0.07800000000000296,/Users/ernesto/Desktop/Projects/vot-cp/vot-dev/output/DP_TH_01_KO_05_EN_TH_01_DP_TH_01_KO_05_EN_KO_05_output.TextGrid,1,2,0.4062179999999955,thai
241.195375,241.255375,P,241.195375,241.500026,P,241.195375,241.255375,P,241.218,241.267,0.049000000000006594,/Users/ernesto/Desktop/Projects/vot-cp/vot-dev/output/DP_TH_01_KO_05_EN_TH_01_DP_TH_01_KO_05_EN_KO_05_output.TextGrid,1,2,0.2820260000000019,thai
243.944625,244.074625,P,243.944625,244.352271,P,243.944625,244.074625,P,243.997,244.078,0.08099999999998886,/Users/ernesto/Desktop/Projects/vot-cp/vot-dev/output/DP_TH_01_KO_05_EN_TH_01_DP_TH_01_KO_05_EN_KO_05_output.TextGrid,1,2,0.3552709999999877,thai
254.318,254.428,K,254.318,254.658,color,254.318,254.428,K,254.334,254.417,0.08299999999999841,/Users/ernesto/Desktop/Projects/vot-cp/vot-dev/output/DP_TH_01_KO_05_EN_TH_01_DP_TH_01_KO_05_EN_KO_05_output.TextGrid,1,4,0.32399999999998386,thai
271.09725,271.22725,K,271.09725,271.52725,color,271.09725,271.22725,K,271.168,271.224,0.055999999999983174,/Users/ernesto/Desktop/Projects/vot-cp/vot-dev/output/DP_TH_01_KO_05_EN_TH_01_DP_TH_01_KO_05_EN_KO_05_output.TextGrid,1,4,0.35924999999997453,thai
273.415625,273.595625,K,273.415625,273.875625,clothes,273.415625,273.595625,K,273.531,273.61,0.07900000000000773,/Users/ernesto/Desktop/Projects/vot-cp/vot-dev/output/DP_TH_01_KO_05_EN_TH_01_DP_TH_01_KO_05_EN_KO_05_output.TextGrid,1,4,0.34462500000000773,thai
287.20825,287.32825,T,287.20825,287.814835,trouser,287.20825,287.32825,T,287.243,287.332,0.08899999999999864,/Users/ernesto/Desktop/Projects/vot-cp/vot-dev/output/DP_TH_01_KO_05_EN_TH_01_DP_TH_01_KO_05_EN_KO_05_output.TextGrid,1,5,0.5718350000000214,thai
300.46125,300.54125,K,300.46125,300.77125,color,300.46125,300.54125,K,300.508,300.537,0.028999999999996362,/Users/ernesto/Desktop/Projects/vot-cp/vot-dev/output/DP_TH_01_KO_05_EN_TH_01_DP_TH_01_KO_05_EN_KO_05_output.TextGrid,1,4,0.26325000000002774,thai
303.458754,303.48875,P,303.458754,303.855605,pink,303.458754,303.48875,P,303.473,303.522,0.04899999999997817,/Users/ernesto/Desktop/Projects/vot-cp/vot-dev/output/DP_TH_01_KO_05_EN_TH_01_DP_TH_01_KO_05_EN_KO_05_output.TextGrid,1,4,0.3826050000000123,thai
304.72125,304.79125,K,304.72125,305.42125,color,304.72125,304.79125,K,304.744,304.788,0.04399999999998272,/Users/ernesto/Desktop/Projects/vot-cp/vot-dev/output/DP_TH_01_KO_05_EN_TH_01_DP_TH_01_KO_05_EN_KO_05_output.TextGrid,1,4,0.6772499999999582,thai
312.66325,312.71325,K,312.66325,313.03325,color,312.66325,312.71325,K,312.635,312.724,0.08899999999999864,/Users/ernesto/Desktop/Projects/vot-cp/vot-dev/output/DP_TH_01_KO_05_EN_TH_01_DP_TH_01_KO_05_EN_KO_05_output.TextGrid,1,4,0.39825000000001864,thai
342.797375,342.937375,K,342.797375,343.084944,club,342.797375,342.937375,K,342.883,342.943,0.060000000000002274,/Users/ernesto/Desktop/Projects/vot-cp/vot-dev/output/DP_TH_01_KO_05_EN_TH_01_DP_TH_01_KO_05_EN_KO_05_output.TextGrid,1,4,0.20194400000002588,thai
348.540875,348.640875,K,348.540875,348.950875,color,348.540875,348.640875,K,348.595,348.628,0.03299999999995862,/Users/ernesto/Desktop/Projects/vot-cp/vot-dev/output/DP_TH_01_KO_05_EN_TH_01_DP_TH_01_KO_05_EN_KO_05_output.TextGrid,1,4,0.3558749999999691,thai
379.49175,379.64175,P,379.49175,379.78175,pet,379.49175,379.64175,P,379.599,379.66,0.06100000000003547,/Users/ernesto/Desktop/Projects/vot-cp/vot-dev/output/DP_TH_01_KO_05_EN_TH_01_DP_TH_01_KO_05_EN_KO_05_output.TextGrid,1,3,0.18274999999999864,thai
382.52275,382.67275,P,382.52275,382.82275,pet,382.52275,382.67275,P,382.64,382.675,0.03500000000002501,/Users/ernesto/Desktop/Projects/vot-cp/vot-dev/output/DP_TH_01_KO_05_EN_TH_01_DP_TH_01_KO_05_EN_KO_05_output.TextGrid,1,3,0.18274999999999864,thai
388.312608,388.352625,P,388.312608,388.633053,[P:IY:T:IY_Pete's],388.312608,388.352625,P,388.335,388.357,0.022000000000048203,/Users/ernesto/Desktop/Projects/vot-cp/vot-dev/output/DP_TH_01_KO_05_EN_TH_01_DP_TH_01_KO_05_EN_KO_05_output.TextGrid,1,4,0.29805300000003854,thai
388.633053,388.705606,P,388.633053,388.832625,pet,388.633053,388.705606,P,388.651,388.6601368300179,0.009136830017894226,/Users/ernesto/Desktop/Projects/vot-cp/vot-dev/output/DP_TH_01_KO_05_EN_TH_01_DP_TH_01_KO_05_EN_KO_05_output.TextGrid,1,3,0.18162499999999682,thai
392.591875,392.751875,P,392.591875,392.951875,pet,392.591875,392.751875,P,392.72,392.752,0.031999999999982265,/Users/ernesto/Desktop/Projects/vot-cp/vot-dev/output/DP_TH_01_KO_05_EN_TH_01_DP_TH_01_KO_05_EN_KO_05_output.TextGrid,1,3,0.23187499999994543,thai
434.588125,434.708125,P,434.588125,434.858125,pet,434.588125,434.708125,P,434.68,434.705,0.024999999999977263,/Users/ernesto/Desktop/Projects/vot-cp/vot-dev/output/DP_TH_01_KO_05_EN_TH_01_DP_TH_01_KO_05_EN_KO_05_output.TextGrid,1,3,0.1781249999999659,thai
469.659375,469.779375,K,469.659375,470.149375,carry,469.659375,469.779375,K,469.699,469.773,0.07400000000001228,/Users/ernesto/Desktop/Projects/vot-cp/vot-dev/output/DP_TH_01_KO_05_EN_TH_01_DP_TH_01_KO_05_EN_KO_05_output.TextGrid,1,4,0.4503750000000082,thai
494.295454,494.355375,T,494.295454,494.640466,ten,494.295454,494.355375,T,494.311,494.367,0.05600000000004002,/Users/ernesto/Desktop/Projects/vot-cp/vot-dev/output/DP_TH_01_KO_05_EN_TH_01_DP_TH_01_KO_05_EN_KO_05_output.TextGrid,1,3,0.3294660000000249,thai
8.49875,8.63875,T,8.49875,9.01875,ten,8.49875,8.63875,T,8.536,8.638,0.10200000000000031,/Users/ernesto/Desktop/Projects/vot-cp/vot-dev/output/DP_ENF_10_ENF_11_EN_ENF_10_DP_ENF_10_ENF_11_EN_ENF_11_output.TextGrid,1,3,0.4827500000000011,english
16.665125,16.875125,P,16.665125,17.215125,Pete's,16.665125,16.875125,P,16.808,16.893533178593756,0.08553317859375653,/Users/ernesto/Desktop/Projects/vot-cp/vot-dev/output/DP_ENF_10_ENF_11_EN_ENF_10_DP_ENF_10_ENF_11_EN_ENF_11_output.TextGrid,1,3,0.4071250000000006,english
17.215125,17.345125,P,17.215125,17.595125,Pet,17.215125,17.345125,P,17.309,17.352,0.04299999999999926,/Users/ernesto/Desktop/Projects/vot-cp/vot-dev/output/DP_ENF_10_ENF_11_EN_ENF_10_DP_ENF_10_ENF_11_EN_ENF_11_output.TextGrid,1,3,0.2861249999999984,english
44.47,44.7,T,44.47,45.03,two,44.47,44.7,T,44.536,44.71,0.1739999999999995,/Users/ernesto/Desktop/Projects/vot-cp/vot-dev/output/DP_ENF_10_ENF_11_EN_ENF_10_DP_ENF_10_ENF_11_EN_ENF_11_output.TextGrid,1,2,0.4939999999999998,english
54.559875,54.719875,K,54.559875,55.093817,cup,54.559875,54.719875,K,54.649,54.725,0.07600000000000051,/Users/ernesto/Desktop/Projects/vot-cp/vot-dev/output/DP_ENF_10_ENF_11_EN_ENF_10_DP_ENF_10_ENF_11_EN_ENF_11_output.TextGrid,1,4,0.44481700000000046,english
56.9125,57.0225,T,56.9125,57.1025,tea,56.9125,57.0225,T,56.976,57.027,0.05100000000000193,/Users/ernesto/Desktop/Projects/vot-cp/vot-dev/output/DP_ENF_10_ENF_11_EN_ENF_10_DP_ENF_10_ENF_11_EN_ENF_11_output.TextGrid,1,2,0.12650000000000006,english
57.1025,57.2025,P,57.1025,58.3525,pot,57.1025,57.2025,P,57.14,57.203,0.06300000000000239,/Users/ernesto/Desktop/Projects/vot-cp/vot-dev/output/DP_ENF_10_ENF_11_EN_ENF_10_DP_ENF_10_ENF_11_EN_ENF_11_output.TextGrid,1,3,1.2124999999999986,english
61.61775,61.64775,T,61.61775,61.67775,to,61.61775,61.64775,T,61.639,61.664,0.02499999999999858,/Users/ernesto/Desktop/Projects/vot-cp/vot-dev/output/DP_ENF_10_ENF_11_EN_ENF_10_DP_ENF_10_ENF_11_EN_ENF_11_output.TextGrid,1,2,0.038750000000000284,english
64.386875,64.636875,P,64.386875,65.536875,pink,64.386875,64.636875,P,64.54860820580852,64.648,0.09939179419147592,/Users/ernesto/Desktop/Projects/vot-cp/vot-dev/output/DP_ENF_10_ENF_11_EN_ENF_10_DP_ENF_10_ENF_11_EN_ENF_11_output.TextGrid,1,4,0.9882667941914747,english
87.645625,87.715625,T,87.645625,87.815625,top,87.645625,87.715625,T,87.657,87.717,0.060000000000002274,/Users/ernesto/Desktop/Projects/vot-cp/vot-dev/output/DP_ENF_10_ENF_11_EN_ENF_10_DP_ENF_10_ENF_11_EN_ENF_11_output.TextGrid,1,3,0.15862500000000068,english
96.600125,96.660125,T,96.600125,96.690125,to,96.600125,96.660125,T,96.646,96.664,0.018000000000000682,/Users/ernesto/Desktop/Projects/vot-cp/vot-dev/output/DP_ENF_10_ENF_11_EN_ENF_10_DP_ENF_10_ENF_11_EN_ENF_11_output.TextGrid,1,2,0.044124999999993975,english
96.790125,96.930125,P,96.790125,97.140125,pet,96.790125,96.930125,P,96.867,96.929,0.06199999999999761,/Users/ernesto/Desktop/Projects/vot-cp/vot-dev/output/DP_ENF_10_ENF_11_EN_ENF_10_DP_ENF_10_ENF_11_EN_ENF_11_output.TextGrid,1,3,0.2731249999999932,english
101.84425,101.92425,P,101.84425,102.21425,picture,101.84425,101.92425,P,101.915,101.93143848778604,0.01643848778603285,/Users/ernesto/Desktop/Projects/vot-cp/vot-dev/output/DP_ENF_10_ENF_11_EN_ENF_10_DP_ENF_10_ENF_11_EN_ENF_11_output.TextGrid,1,5,0.2992500000000007,english
117.668125,117.808125,T,117.668125,117.908125,two,117.668125,117.808125,T,117.726,117.815,0.08899999999999864,/Users/ernesto/Desktop/Projects/vot-cp/vot-dev/output/DP_ENF_10_ENF_11_EN_ENF_10_DP_ENF_10_ENF_11_EN_ENF_11_output.TextGrid,1,2,0.1821249999999992,english
121.838125,121.948125,P,121.838125,122.487032,point,121.838125,121.948125,P,121.879,121.944,0.06499999999999773,/Users/ernesto/Desktop/Projects/vot-cp/vot-dev/output/DP_ENF_10_ENF_11_EN_ENF_10_DP_ENF_10_ENF_11_EN_ENF_11_output.TextGrid,1,4,0.6080319999999944,english
141.77125,141.93125,T,141.77125,142.26125,two,141.77125,141.93125,T,141.805,141.936,0.13100000000000023,/Users/ernesto/Desktop/Projects/vot-cp/vot-dev/output/DP_ENF_10_ENF_11_EN_ENF_10_DP_ENF_10_ENF_11_EN_ENF_11_output.TextGrid,1,2,0.45624999999998295,english
146.683375,146.803375,T,146.683375,147.406042,triangle,146.683375,146.803375,T,146.739,146.821,0.08199999999999363,/Users/ernesto/Desktop/Projects/vot-cp/vot-dev/output/DP_ENF_10_ENF_11_EN_ENF_10_DP_ENF_10_ENF_11_EN_ENF_11_output.TextGrid,1,9,0.6670420000000092,english
156.108375,156.328375,K,156.108375,156.518375,kid,156.108375,156.328375,K,156.21,156.331,0.1209999999999809,/Users/ernesto/Desktop/Projects/vot-cp/vot-dev/output/DP_ENF_10_ENF_11_EN_ENF_10_DP_ENF_10_ENF_11_EN_ENF_11_output.TextGrid,1,3,0.30837499999998386,english
156.778375,156.828375,T,156.778375,156.878375,to,156.778375,156.828375,T,156.784,156.839,0.05500000000000682,/Users/ernesto/Desktop/Projects/vot-cp/vot-dev/output/DP_ENF_10_ENF_11_EN_ENF_10_DP_ENF_10_ENF_11_EN_ENF_11_output.TextGrid,1,2,0.09437500000001364,english
168.5175,168.6275,T,168.5175,168.8675,tennis,168.5175,168.6275,T,168.572,168.63426120021435,0.06226120021435122,/Users/ernesto/Desktop/Projects/vot-cp/vot-dev/output/DP_ENF_10_ENF_11_EN_ENF_10_DP_ENF_10_ENF_11_EN_ENF_11_output.TextGrid,1,5,0.2955000000000041,english
185.935125,186.185125,P,185.935125,186.955125,pink,185.935125,186.185125,P,186.07,186.187,0.11700000000001864,/Users/ernesto/Desktop/Projects/vot-cp/vot-dev/output/DP_ENF_10_ENF_11_EN_ENF_10_DP_ENF_10_ENF_11_EN_ENF_11_output.TextGrid,1,4,0.8851250000000164,english
195.72975,195.81975,T,195.72975,196.00975,tree,195.72975,195.81975,T,195.703,195.838,0.1349999999999909,/Users/ernesto/Desktop/Projects/vot-cp/vot-dev/output/DP_ENF_10_ENF_11_EN_ENF_10_DP_ENF_10_ENF_11_EN_ENF_11_output.TextGrid,1,3,0.30674999999999386,english
222.912375,223.022375,P,222.912375,223.192375,pet,222.912375,223.022375,P,222.965,223.026,0.06100000000000705,/Users/ernesto/Desktop/Projects/vot-cp/vot-dev/output/DP_ENF_10_ENF_11_EN_ENF_10_DP_ENF_10_ENF_11_EN_ENF_11_output.TextGrid,1,3,0.227374999999995,english
223.652375,223.732375,P,223.652375,223.952375,picture,223.652375,223.732375,P,223.69199408046808,223.7312361147893,0.03924203432123363,/Users/ernesto/Desktop/Projects/vot-cp/vot-dev/output/DP_ENF_10_ENF_11_EN_ENF_10_DP_ENF_10_ENF_11_EN_ENF_11_output.TextGrid,1,5,0.26038091953191156,english
225.522375,225.652375,T,225.522375,226.192596,top,225.522375,225.652375,T,225.552,225.651,0.09900000000001796,/Users/ernesto/Desktop/Projects/vot-cp/vot-dev/output/DP_ENF_10_ENF_11_EN_ENF_10_DP_ENF_10_ENF_11_EN_ENF_11_output.TextGrid,1,4,0.6405960000000164,english
258.786625,258.926625,P,258.786625,259.086625,pet,258.786625,258.926625,P,258.868,258.942,0.07400000000001228,/Users/ernesto/Desktop/Projects/vot-cp/vot-dev/output/DP_ENF_10_ENF_11_EN_ENF_10_DP_ENF_10_ENF_11_EN_ENF_11_output.TextGrid,1,3,0.21862500000003138,english
281.400125,281.480125,T,281.400125,281.725913,ten,281.400125,281.480125,T,281.41,281.486,0.07599999999996498,/Users/ernesto/Desktop/Projects/vot-cp/vot-dev/output/DP_ENF_10_ENF_11_EN_ENF_10_DP_ENF_10_ENF_11_EN_ENF_11_output.TextGrid,1,3,0.31591299999996636,english
300.024875,300.204875,K,300.024875,300.815052,cool,300.024875,300.204875,K,300.14722368660694,300.234,0.08677631339304526,/Users/ernesto/Desktop/Projects/vot-cp/vot-dev/output/DP_ENF_10_ENF_11_EN_ENF_10_DP_ENF_10_ENF_11_EN_ENF_11_output.TextGrid,1,3,0.6678283133930449,english
17.542,17.672,T,17.542,17.789135,two,17.542,17.672,T,17.616,17.673,0.05699999999999861,/Users/ernesto/Desktop/Projects/vot-cp/vot-dev/output/DP_IT_01_SP_02_EN_IT_01_DP_IT_01_SP_02_EN_SP_02_output.TextGrid,2,3,0.17313500000000204,spanish
26.077875,26.127875,K,26.077875,26.227875,kind,26.077875,26.127875,K,26.091181619915325,26.132447090419262,0.04126547050393725,/Users/ernesto/Desktop/Projects/vot-cp/vot-dev/output/DP_IT_01_SP_02_EN_IT_01_DP_IT_01_SP_02_EN_SP_02_output.TextGrid,2,4,0.1366933800846759,spanish
26.287875,26.317875,K,26.287875,26.891797,questions,26.287875,26.317875,K,26.269212649803748,26.357638658026477,0.08842600822272928,/Users/ernesto/Desktop/Projects/vot-cp/vot-dev/output/DP_IT_01_SP_02_EN_IT_01_DP_IT_01_SP_02_EN_SP_02_output.TextGrid,2,8,0.6225843501962522,spanish
27.647625,27.707625,P,27.647625,27.917625,people,27.647625,27.707625,P,27.697,27.726,0.028999999999999915,/Users/ernesto/Desktop/Projects/vot-cp/vot-dev/output/DP_IT_01_SP_02_EN_IT_01_DP_IT_01_SP_02_EN_SP_02_output.TextGrid,2,5,0.22062500000000185,spanish
28.577625,28.677625,P,28.577625,29.008508,picture,28.577625,28.677625,P,28.65,28.679095607257086,0.029095607257087153,/Users/ernesto/Desktop/Projects/vot-cp/vot-dev/output/DP_IT_01_SP_02_EN_IT_01_DP_IT_01_SP_02_EN_SP_02_output.TextGrid,2,6,0.3585080000000005,spanish
33.286625,33.376625,P,33.286625,33.766625,people,33.286625,33.376625,P,33.351,33.388,0.036999999999999034,/Users/ernesto/Desktop/Projects/vot-cp/vot-dev/output/DP_IT_01_SP_02_EN_IT_01_DP_IT_01_SP_02_EN_SP_02_output.TextGrid,2,5,0.4156249999999986,spanish
36.438875,36.598875,T,36.438875,36.678875,tree,36.438875,36.598875,T,36.491,36.603,0.11200000000000188,/Users/ernesto/Desktop/Projects/vot-cp/vot-dev/output/DP_IT_01_SP_02_EN_IT_01_DP_IT_01_SP_02_EN_SP_02_output.TextGrid,2,3,0.18787499999999824,spanish
36.848875,37.008875,K,36.848875,37.258875,kid,36.848875,37.008875,K,36.933,37.013,0.0799999999999983,/Users/ernesto/Desktop/Projects/vot-cp/vot-dev/output/DP_IT_01_SP_02_EN_IT_01_DP_IT_01_SP_02_EN_SP_02_output.TextGrid,2,3,0.32587500000000347,spanish
37.678875,37.728875,T,37.678875,37.778875,to,37.678875,37.728875,T,37.691,37.726,0.03499999999999659,/Users/ernesto/Desktop/Projects/vot-cp/vot-dev/output/DP_IT_01_SP_02_EN_IT_01_DP_IT_01_SP_02_EN_SP_02_output.TextGrid,2,2,0.08787499999999682,spanish
72.537125,72.647125,K,72.537125,72.897125,comma,72.537125,72.647125,K,72.587,72.65,0.06300000000000239,/Users/ernesto/Desktop/Projects/vot-cp/vot-dev/output/DP_IT_01_SP_02_EN_IT_01_DP_IT_01_SP_02_EN_SP_02_output.TextGrid,2,4,0.3101249999999993,spanish
96.499,96.589,T,96.499,96.689,two,96.499,96.589,T,96.538,96.593,0.05500000000000682,/Users/ernesto/Desktop/Projects/vot-cp/vot-dev/output/DP_IT_01_SP_02_EN_IT_01_DP_IT_01_SP_02_EN_SP_02_output.TextGrid,2,2,0.15099999999999625,spanish
97.149,97.259,T,97.149,97.469,two,97.149,97.259,T,97.209,97.266,0.05700000000000216,/Users/ernesto/Desktop/Projects/vot-cp/vot-dev/output/DP_IT_01_SP_02_EN_IT_01_DP_IT_01_SP_02_EN_SP_02_output.TextGrid,2,2,0.2599999999999909,spanish
98.979,99.029,T,98.979,99.139,two,98.979,99.029,T,98.968,99.033,0.06499999999999773,/Users/ernesto/Desktop/Projects/vot-cp/vot-dev/output/DP_IT_01_SP_02_EN_IT_01_DP_IT_01_SP_02_EN_SP_02_output.TextGrid,2,2,0.17099999999999227,spanish
99.139,99.239,K,99.139,99.349,kind,99.139,99.239,K,99.209,99.235,0.02599999999999625,/Users/ernesto/Desktop/Projects/vot-cp/vot-dev/output/DP_IT_01_SP_02_EN_IT_01_DP_IT_01_SP_02_EN_SP_02_output.TextGrid,2,4,0.14000000000000057,spanish
113.776375,113.846375,K,113.776375,114.006375,kinda,113.776375,113.846375,K,113.814,113.854,0.04000000000000625,/Users/ernesto/Desktop/Projects/vot-cp/vot-dev/output/DP_IT_01_SP_02_EN_IT_01_DP_IT_01_SP_02_EN_SP_02_output.TextGrid,2,5,0.19237500000001262,spanish
117.001,117.081,T,117.001,117.201,top,117.001,117.081,T,117.055,117.085,0.029999999999986926,/Users/ernesto/Desktop/Projects/vot-cp/vot-dev/output/DP_IT_01_SP_02_EN_IT_01_DP_IT_01_SP_02_EN_SP_02_output.TextGrid,2,3,0.14599999999998658,spanish
117.721,117.821,T,117.721,117.931,two,117.721,117.821,T,117.772,117.828,0.055999999999997385,/Users/ernesto/Desktop/Projects/vot-cp/vot-dev/output/DP_IT_01_SP_02_EN_IT_01_DP_IT_01_SP_02_EN_SP_02_output.TextGrid,2,2,0.15899999999999181,spanish
120.441,120.581,T,120.441,120.691692,too,120.441,120.581,T,120.518,120.583,0.06499999999999773,/Users/ernesto/Desktop/Projects/vot-cp/vot-dev/output/DP_IT_01_SP_02_EN_IT_01_DP_IT_01_SP_02_EN_SP_02_output.TextGrid,2,3,0.17369200000000262,spanish
130.047625,130.137625,P,130.047625,130.417625,painted,130.047625,130.137625,P,130.117,130.133,0.016000000000019554,/Users/ernesto/Desktop/Projects/vot-cp/vot-dev/output/DP_IT_01_SP_02_EN_IT_01_DP_IT_01_SP_02_EN_SP_02_output.TextGrid,2,6,0.3006249999999966,spanish
130.547625,130.637625,T,130.547625,130.856418,top,130.547625,130.637625,T,130.594,130.639,0.045000000000015916,/Users/ernesto/Desktop/Projects/vot-cp/vot-dev/output/DP_IT_01_SP_02_EN_IT_01_DP_IT_01_SP_02_EN_SP_02_output.TextGrid,2,3,0.2624179999999967,spanish
143.18525,143.22525,P,143.18525,143.65525,planes,143.18525,143.22525,P,143.206,143.229,0.023000000000024556,/Users/ernesto/Desktop/Projects/vot-cp/vot-dev/output/DP_IT_01_SP_02_EN_IT_01_DP_IT_01_SP_02_EN_SP_02_output.TextGrid,2,5,0.44925000000000637,spanish
143.98525,144.07525,K,143.98525,144.60525,clouds,143.98525,144.07525,K,144.034,144.103,0.06900000000001683,/Users/ernesto/Desktop/Projects/vot-cp/vot-dev/output/DP_IT_01_SP_02_EN_IT_01_DP_IT_01_SP_02_EN_SP_02_output.TextGrid,2,5,0.5712500000000205,spanish
213.095375,213.155375,T,213.095375,213.305375,top,213.095375,213.155375,T,213.148,213.17299632939023,0.024996329390233996,/Users/ernesto/Desktop/Projects/vot-cp/vot-dev/output/DP_IT_01_SP_02_EN_IT_01_DP_IT_01_SP_02_EN_SP_02_output.TextGrid,2,3,0.15737500000000182,spanish
221.116875,221.166875,P,221.116875,221.346875,people,221.116875,221.166875,P,221.155,221.171,0.015999999999991132,/Users/ernesto/Desktop/Projects/vot-cp/vot-dev/output/DP_IT_01_SP_02_EN_IT_01_DP_IT_01_SP_02_EN_SP_02_output.TextGrid,2,5,0.19187500000001023,spanish
221.716875,221.846875,P,221.716875,222.093353,park,221.716875,221.846875,P,221.798,221.854,0.056000000000011596,/Users/ernesto/Desktop/Projects/vot-cp/vot-dev/output/DP_IT_01_SP_02_EN_IT_01_DP_IT_01_SP_02_EN_SP_02_output.TextGrid,2,4,0.29535300000000575,spanish
245.3055,245.3355,T,245.3055,245.5255,talked,245.3055,245.3355,T,245.335,245.35459507397383,0.01959507397381799,/Users/ernesto/Desktop/Projects/vot-cp/vot-dev/output/DP_IT_01_SP_02_EN_IT_01_DP_IT_01_SP_02_EN_SP_02_output.TextGrid,2,4,0.1904999999999859,spanish
293.39825,293.49825,T,293.39825,293.691171,tree,293.39825,293.49825,T,293.442,293.532,0.08999999999997499,/Users/ernesto/Desktop/Projects/vot-cp/vot-dev/output/DP_IT_01_SP_02_EN_IT_01_DP_IT_01_SP_02_EN_SP_02_output.TextGrid,2,3,0.24917099999998982,spanish
311.85275,311.98275,T,311.85275,312.20275,tree,311.85275,311.98275,T,311.88,311.99,0.11000000000001364,/Users/ernesto/Desktop/Projects/vot-cp/vot-dev/output/DP_IT_01_SP_02_EN_IT_01_DP_IT_01_SP_02_EN_SP_02_output.TextGrid,2,3,0.322749999999985,spanish
317.364375,317.474375,T,317.364375,317.665128,tree,317.364375,317.474375,T,317.399,317.484,0.08499999999997954,/Users/ernesto/Desktop/Projects/vot-cp/vot-dev/output/DP_IT_01_SP_02_EN_IT_01_DP_IT_01_SP_02_EN_SP_02_output.TextGrid,2,3,0.2661279999999806,spanish
336.310375,336.470375,P,336.310375,336.800375,political,336.310375,336.470375,P,336.459,336.491,0.031999999999982265,/Users/ernesto/Desktop/Projects/vot-cp/vot-dev/output/DP_IT_01_SP_02_EN_IT_01_DP_IT_01_SP_02_EN_SP_02_output.TextGrid,2,9,0.3413749999999709,spanish
338.270375,338.360375,K,338.270375,338.440375,could,338.270375,338.360375,K,338.373,338.429,0.055999999999983174,/Users/ernesto/Desktop/Projects/vot-cp/vot-dev/output/DP_IT_01_SP_02_EN_IT_01_DP_IT_01_SP_02_EN_SP_02_output.TextGrid,2,3,0.06737500000002683,spanish
344.55825,344.62825,T,344.55825,344.65825,to,344.55825,344.62825,T,344.515,344.618,0.10300000000000864,/Users/ernesto/Desktop/Projects/vot-cp/vot-dev/output/DP_IT_01_SP_02_EN_IT_01_DP_IT_01_SP_02_EN_SP_02_output.TextGrid,2,2,0.1432500000000232,spanish
345.09825,345.17825,T,345.09825,345.42825,tree,345.09825,345.17825,T,345.134,345.206,0.07200000000000273,/Users/ernesto/Desktop/Projects/vot-cp/vot-dev/output/DP_IT_01_SP_02_EN_IT_01_DP_IT_01_SP_02_EN_SP_02_output.TextGrid,2,3,0.2942499999999768,spanish
347.20825,347.27825,K,347.20825,347.50825,called,347.20825,347.27825,K,347.256,347.275,0.019000000000005457,/Users/ernesto/Desktop/Projects/vot-cp/vot-dev/output/DP_IT_01_SP_02_EN_IT_01_DP_IT_01_SP_02_EN_SP_02_output.TextGrid,2,4,0.25225000000000364,spanish
347.50825,347.57825,P,347.50825,347.90825,Pete's,347.50825,347.57825,P,347.556,347.573,0.016999999999995907,/Users/ernesto/Desktop/Projects/vot-cp/vot-dev/output/DP_IT_01_SP_02_EN_IT_01_DP_IT_01_SP_02_EN_SP_02_output.TextGrid,2,3,0.3522500000000264,spanish
347.90825,348.02825,P,347.90825,348.15825,Pet,347.90825,348.02825,P,347.8949912942066,348.0518000821216,0.15680878791499708,/Users/ernesto/Desktop/Projects/vot-cp/vot-dev/output/DP_IT_01_SP_02_EN_IT_01_DP_IT_01_SP_02_EN_SP_02_output.TextGrid,2,3,0.2632587057934188,spanish
351.2085,351.2485,P,351.2085,351.3985,Pet,351.2085,351.2485,P,351.24474933461045,351.2706876303558,0.025938295745334017,/Users/ernesto/Desktop/Projects/vot-cp/vot-dev/output/DP_IT_01_SP_02_EN_IT_01_DP_IT_01_SP_02_EN_SP_02_output.TextGrid,2,3,0.15375066538956617,spanish
354.247125,354.307125,K,354.247125,354.467125,called,354.247125,354.307125,K,354.2959100500903,354.33717552059426,0.04126547050395857,/Users/ernesto/Desktop/Projects/vot-cp/vot-dev/output/DP_IT_01_SP_02_EN_IT_01_DP_IT_01_SP_02_EN_SP_02_output.TextGrid,2,4,0.17121494990971087,spanish
354.467125,354.517125,P,354.467125,354.817125,Pete's,354.467125,354.517125,P,354.512,354.53,0.01799999999997226,/Users/ernesto/Desktop/Projects/vot-cp/vot-dev/output/DP_IT_01_SP_02_EN_IT_01_DP_IT_01_SP_02_EN_SP_02_output.TextGrid,2,3,0.30512499999997544,spanish
358.8875,359.0475,P,358.8875,359.391032,Pete's,358.8875,359.0475,P,359.006,359.045,0.03900000000004411,/Users/ernesto/Desktop/Projects/vot-cp/vot-dev/output/DP_IT_01_SP_02_EN_IT_01_DP_IT_01_SP_02_EN_SP_02_output.TextGrid,2,3,0.3850320000000238,spanish
362.164125,362.334125,K,362.164125,362.884125,cat,362.164125,362.334125,K,362.267,362.346,0.07900000000000773,/Users/ernesto/Desktop/Projects/vot-cp/vot-dev/output/DP_IT_01_SP_02_EN_IT_01_DP_IT_01_SP_02_EN_SP_02_output.TextGrid,2,3,0.6171249999999873,spanish
372.44275,372.52275,T,372.44275,372.70275,talking,372.44275,372.52275,T,372.488,372.528,0.040000000000020464,/Users/ernesto/Desktop/Projects/vot-cp/vot-dev/output/DP_IT_01_SP_02_EN_IT_01_DP_IT_01_SP_02_EN_SP_02_output.TextGrid,2,5,0.2147499999999809,spanish
373.39275,373.48275,T,373.39275,373.64275,top,373.39275,373.48275,T,373.448,373.49,0.04200000000003001,/Users/ernesto/Desktop/Projects/vot-cp/vot-dev/output/DP_IT_01_SP_02_EN_IT_01_DP_IT_01_SP_02_EN_SP_02_output.TextGrid,2,3,0.1947499999999991,spanish
375.912375,376.012375,K,375.912375,376.304902,cat,375.912375,376.012375,K,375.966,376.02,0.053999999999973625,/Users/ernesto/Desktop/Projects/vot-cp/vot-dev/output/DP_IT_01_SP_02_EN_IT_01_DP_IT_01_SP_02_EN_SP_02_output.TextGrid,2,4,0.3389020000000187,spanish
380.4095,380.5395,K,380.4095,380.9595,cat,380.4095,380.5395,K,380.479,380.544,0.06499999999999773,/Users/ernesto/Desktop/Projects/vot-cp/vot-dev/output/DP_IT_01_SP_02_EN_IT_01_DP_IT_01_SP_02_EN_SP_02_output.TextGrid,2,3,0.48050000000000637,spanish
433.13275,433.20275,K,433.13275,433.27275,can,433.13275,433.20275,K,433.178,433.21,0.031999999999982265,/Users/ernesto/Desktop/Projects/vot-cp/vot-dev/output/DP_IT_01_SP_02_EN_IT_01_DP_IT_01_SP_02_EN_SP_02_output.TextGrid,2,3,0.09474999999997635,spanish
448.2565,448.4265,T,448.2565,448.5065,two,448.2565,448.4265,T,448.342,448.428,0.08600000000001273,/Users/ernesto/Desktop/Projects/vot-cp/vot-dev/output/DP_IT_01_SP_02_EN_IT_01_DP_IT_01_SP_02_EN_SP_02_output.TextGrid,2,2,0.1645000000000323,spanish
473.354125,473.454125,K,473.354125,473.684125,color,473.354125,473.454125,K,473.393,473.459,0.06600000000003092,/Users/ernesto/Desktop/Projects/vot-cp/vot-dev/output/DP_IT_01_SP_02_EN_IT_01_DP_IT_01_SP_02_EN_SP_02_output.TextGrid,2,4,0.2911250000000223,spanish
480.418,480.548,T,480.418,480.828,two,480.418,480.548,T,480.458,480.546,0.08799999999996544,/Users/ernesto/Desktop/Projects/vot-cp/vot-dev/output/DP_IT_01_SP_02_EN_IT_01_DP_IT_01_SP_02_EN_SP_02_output.TextGrid,2,2,0.3699999999999477,spanish
530.769625,530.869625,T,530.769625,530.919625,two,530.769625,530.869625,T,530.805,530.886,0.08100000000001728,/Users/ernesto/Desktop/Projects/vot-cp/vot-dev/output/DP_IT_01_SP_02_EN_IT_01_DP_IT_01_SP_02_EN_SP_02_output.TextGrid,2,2,0.11462500000004638,spanish
532.749625,532.839625,T,532.749625,533.236513,triangle,532.749625,532.839625,T,532.77,532.859,0.08900000000005548,/Users/ernesto/Desktop/Projects/vot-cp/vot-dev/output/DP_IT_01_SP_02_EN_IT_01_DP_IT_01_SP_02_EN_SP_02_output.TextGrid,2,8,0.46651299999996354,spanish
538.892875,538.982875,T,538.892875,539.072875,two,538.892875,538.982875,T,538.938,538.997,0.05899999999996908,/Users/ernesto/Desktop/Projects/vot-cp/vot-dev/output/DP_IT_01_SP_02_EN_IT_01_DP_IT_01_SP_02_EN_SP_02_output.TextGrid,2,2,0.13487499999996544,spanish
542.91175,543.03175,T,542.91175,543.28175,top,542.91175,543.03175,T,542.963,543.037,0.07400000000006912,/Users/ernesto/Desktop/Projects/vot-cp/vot-dev/output/DP_IT_01_SP_02_EN_IT_01_DP_IT_01_SP_02_EN_SP_02_output.TextGrid,2,3,0.31875000000002274,spanish
545.6295,545.6795,T,545.6295,545.7195,to,545.6295,545.6795,T,545.583,545.685,0.10199999999997544,/Users/ernesto/Desktop/Projects/vot-cp/vot-dev/output/DP_IT_01_SP_02_EN_IT_01_DP_IT_01_SP_02_EN_SP_02_output.TextGrid,2,2,0.13650000000006912,spanish
566.469,566.589,T,566.469,566.999,T-shirt,566.469,566.589,T,566.526,566.5720271815175,0.04602718151750196,/Users/ernesto/Desktop/Projects/vot-cp/vot-dev/output/DP_IT_01_SP_02_EN_IT_01_DP_IT_01_SP_02_EN_SP_02_output.TextGrid,2,5,0.47300000000007003,spanish
568.159,568.279,P,568.159,568.727918,pants,568.159,568.279,P,568.216,568.276,0.05999999999994543,/Users/ernesto/Desktop/Projects/vot-cp/vot-dev/output/DP_IT_01_SP_02_EN_IT_01_DP_IT_01_SP_02_EN_SP_02_output.TextGrid,2,4,0.511918000000037,spanish
596.714625,596.754625,P,596.714625,596.954625,pink,596.714625,596.754625,P,596.738,596.756,0.017999999999915417,/Users/ernesto/Desktop/Projects/vot-cp/vot-dev/output/DP_IT_01_SP_02_EN_IT_01_DP_IT_01_SP_02_EN_SP_02_output.TextGrid,2,4,0.21662499999990814,spanish
598.07875,598.21875,T,598.07875,598.77875,two,598.07875,598.21875,T,598.151,598.217,0.06600000000003092,/Users/ernesto/Desktop/Projects/vot-cp/vot-dev/output/DP_IT_01_SP_02_EN_IT_01_DP_IT_01_SP_02_EN_SP_02_output.TextGrid,2,2,0.6277499999999918,spanish
604.191875,604.371875,T,604.191875,604.761439,two,604.191875,604.371875,T,604.276,604.378,0.10200000000008913,/Users/ernesto/Desktop/Projects/vot-cp/vot-dev/output/DP_IT_01_SP_02_EN_IT_01_DP_IT_01_SP_02_EN_SP_02_output.TextGrid,2,2,0.48543900000004214,spanish
611.643625,611.733625,T,611.643625,612.003625,ten,611.643625,611.733625,T,611.677,611.736,0.05899999999996908,/Users/ernesto/Desktop/Projects/vot-cp/vot-dev/output/DP_IT_01_SP_02_EN_IT_01_DP_IT_01_SP_02_EN_SP_02_output.TextGrid,2,3,0.32662500000003547,spanish
613.741625,613.841625,T,613.741625,613.901625,ten,613.741625,613.841625,T,613.77,613.838,0.06799999999998363,/Users/ernesto/Desktop/Projects/vot-cp/vot-dev/output/DP_IT_01_SP_02_EN_IT_01_DP_IT_01_SP_02_EN_SP_02_output.TextGrid,2,3,0.13162499999998545,spanish
615.377875,615.537875,T,615.377875,615.677875,two,615.377875,615.537875,T,615.43,615.53,0.10000000000002274,/Users/ernesto/Desktop/Projects/vot-cp/vot-dev/output/DP_IT_01_SP_02_EN_IT_01_DP_IT_01_SP_02_EN_SP_02_output.TextGrid,2,2,0.24787500000002183,spanish
621.987125,622.117125,T,621.987125,622.217125,ten,621.987125,622.117125,T,622.041,622.112,0.07099999999991269,/Users/ernesto/Desktop/Projects/vot-cp/vot-dev/output/DP_IT_01_SP_02_EN_IT_01_DP_IT_01_SP_02_EN_SP_02_output.TextGrid,2,3,0.17612499999995634,spanish
622.647125,622.747125,T,622.647125,622.907992,ten,622.647125,622.747125,T,622.691,622.747,0.05599999999992633,/Users/ernesto/Desktop/Projects/vot-cp/vot-dev/output/DP_IT_01_SP_02_EN_IT_01_DP_IT_01_SP_02_EN_SP_02_output.TextGrid,2,3,0.21699200000000474,spanish
629.95575,630.05575,T,629.95575,630.21575,top,629.95575,630.05575,T,630.011,630.057,0.04600000000004911,/Users/ernesto/Desktop/Projects/vot-cp/vot-dev/output/DP_IT_01_SP_02_EN_IT_01_DP_IT_01_SP_02_EN_SP_02_output.TextGrid,2,3,0.20474999999999,spanish
634.822375,634.962375,T,634.822375,635.072375,two,634.822375,634.962375,T,634.888,634.968,0.07999999999992724,/Users/ernesto/Desktop/Projects/vot-cp/vot-dev/output/DP_IT_01_SP_02_EN_IT_01_DP_IT_01_SP_02_EN_SP_02_output.TextGrid,2,2,0.1843749999999318,spanish
636.762375,636.922375,P,636.762375,637.242375,pork,636.762375,636.922375,P,636.868,636.934,0.06599999999991724,/Users/ernesto/Desktop/Projects/vot-cp/vot-dev/output/DP_IT_01_SP_02_EN_IT_01_DP_IT_01_SP_02_EN_SP_02_output.TextGrid,2,4,0.37437499999998636,spanish
639.189625,639.299625,T,639.189625,639.369625,two,639.189625,639.299625,T,639.248,639.311,0.06299999999998818,/Users/ernesto/Desktop/Projects/vot-cp/vot-dev/output/DP_IT_01_SP_02_EN_IT_01_DP_IT_01_SP_02_EN_SP_02_output.TextGrid,2,2,0.12162499999999454,spanish
645.90125,646.03125,P,645.90125,646.28125,Pete's,645.90125,646.03125,P,645.986,646.035,0.04899999999997817,/Users/ernesto/Desktop/Projects/vot-cp/vot-dev/output/DP_IT_01_SP_02_EN_IT_01_DP_IT_01_SP_02_EN_SP_02_output.TextGrid,2,3,0.29525000000001,spanish
646.28125,646.38125,P,646.28125,646.51125,Pet,646.28125,646.38125,P,646.361,646.385,0.02400000000000091,/Users/ernesto/Desktop/Projects/vot-cp/vot-dev/output/DP_IT_01_SP_02_EN_IT_01_DP_IT_01_SP_02_EN_SP_02_output.TextGrid,2,3,0.1502500000000282,spanish
649.432625,649.532625,K,649.432625,649.762625,cat,649.432625,649.532625,K,649.479,649.539,0.05999999999994543,/Users/ernesto/Desktop/Projects/vot-cp/vot-dev/output/DP_IT_01_SP_02_EN_IT_01_DP_IT_01_SP_02_EN_SP_02_output.TextGrid,2,3,0.2836249999999154,spanish
659.327,659.407,T,659.327,659.677,ten,659.327,659.407,T,659.361,659.411,0.049999999999954525,/Users/ernesto/Desktop/Projects/vot-cp/vot-dev/output/DP_IT_01_SP_02_EN_IT_01_DP_IT_01_SP_02_EN_SP_02_output.TextGrid,2,3,0.3160000000000309,spanish
61.155875,61.215875,K,61.155875,61.395875,color,61.155875,61.215875,K,61.181,61.237,0.05600000000000449,/Users/ernesto/Desktop/Projects/vot-cp/vot-dev/output/DP_CHF_04_KOF_03_EN_KOF_03_DP_CHF_04_KOF_03_EN_CHF_04_output.TextGrid,2,4,0.21487499999999926,korean
85.124625,85.234625,K,85.124625,85.560579,color,85.124625,85.234625,K,85.165,85.235,0.06999999999999318,/Users/ernesto/Desktop/Projects/vot-cp/vot-dev/output/DP_CHF_04_KOF_03_EN_KOF_03_DP_CHF_04_KOF_03_EN_CHF_04_output.TextGrid,2,4,0.3955789999999979,korean
107.645875,107.745875,T,107.645875,108.095875,title,107.645875,107.745875,T,107.692,107.727,0.0350000000000108,/Users/ernesto/Desktop/Projects/vot-cp/vot-dev/output/DP_CHF_04_KOF_03_EN_KOF_03_DP_CHF_04_KOF_03_EN_CHF_04_output.TextGrid,2,5,0.40387500000001353,korean
129.836315,129.95625,T,129.836315,130.263206,[T:AY:D:ER_?],129.836315,129.95625,T,129.896,129.963,0.06700000000000728,/Users/ernesto/Desktop/Projects/vot-cp/vot-dev/output/DP_CHF_04_KOF_03_EN_KOF_03_DP_CHF_04_KOF_03_EN_CHF_04_output.TextGrid,2,4,0.36720600000001014,korean
135.654625,135.814625,K,135.654625,136.1164,cup,135.654625,135.814625,K,135.72,135.817,0.09700000000000841,/Users/ernesto/Desktop/Projects/vot-cp/vot-dev/output/DP_CHF_04_KOF_03_EN_KOF_03_DP_CHF_04_KOF_03_EN_CHF_04_output.TextGrid,2,3,0.39639999999999986,korean
138.378,138.488,K,138.378,138.778,color,138.378,138.488,K,138.41,138.503,0.09299999999998931,/Users/ernesto/Desktop/Projects/vot-cp/vot-dev/output/DP_CHF_04_KOF_03_EN_KOF_03_DP_CHF_04_KOF_03_EN_CHF_04_output.TextGrid,2,4,0.367999999999995,korean
139.438,139.548,P,139.438,139.86142,pink,139.438,139.548,P,139.494,139.552,0.057999999999992724,/Users/ernesto/Desktop/Projects/vot-cp/vot-dev/output/DP_CHF_04_KOF_03_EN_KOF_03_DP_CHF_04_KOF_03_EN_CHF_04_output.TextGrid,2,4,0.36742000000000985,korean
151.262125,151.322125,K,151.262125,151.512125,kind,151.262125,151.322125,K,151.279,151.321,0.04200000000000159,/Users/ernesto/Desktop/Projects/vot-cp/vot-dev/output/DP_CHF_04_KOF_03_EN_KOF_03_DP_CHF_04_KOF_03_EN_CHF_04_output.TextGrid,2,4,0.23312500000000114,korean
153.202125,153.402125,T,153.202125,153.452125,two,153.202125,153.402125,T,153.294,153.386,0.09199999999998454,/Users/ernesto/Desktop/Projects/vot-cp/vot-dev/output/DP_CHF_04_KOF_03_EN_KOF_03_DP_CHF_04_KOF_03_EN_CHF_04_output.TextGrid,2,2,0.15812499999998408,korean
154.442125,154.552125,K,154.442125,154.672125,color,154.442125,154.552125,K,154.492,154.558,0.0660000000000025,/Users/ernesto/Desktop/Projects/vot-cp/vot-dev/output/DP_CHF_04_KOF_03_EN_KOF_03_DP_CHF_04_KOF_03_EN_CHF_04_output.TextGrid,2,4,0.18012500000000387,korean
213.49075,213.60075,T,213.49075,213.66075,to,213.49075,213.60075,T,213.555,213.611,0.055999999999983174,/Users/ernesto/Desktop/Projects/vot-cp/vot-dev/output/DP_CHF_04_KOF_03_EN_KOF_03_DP_CHF_04_KOF_03_EN_CHF_04_output.TextGrid,2,2,0.10575000000000045,korean
215.596375,215.669415,P,215.596375,216.083802,picture,215.596375,215.669415,P,215.62766297941272,215.66111573144738,0.03345275203466258,/Users/ernesto/Desktop/Projects/vot-cp/vot-dev/output/DP_CHF_04_KOF_03_EN_KOF_03_DP_CHF_04_KOF_03_EN_CHF_04_output.TextGrid,2,5,0.4561390205872726,korean
219.04975,219.11975,T,219.04975,219.18975,true,219.04975,219.11975,T,219.06,219.134,0.07399999999998386,/Users/ernesto/Desktop/Projects/vot-cp/vot-dev/output/DP_CHF_04_KOF_03_EN_KOF_03_DP_CHF_04_KOF_03_EN_CHF_04_output.TextGrid,2,3,0.12975000000000136,korean
230.191206,230.3015,T,230.191206,231.2815,teapot,230.191206,230.3015,T,230.222,230.304,0.08199999999999363,/Users/ernesto/Desktop/Projects/vot-cp/vot-dev/output/DP_CHF_04_KOF_03_EN_KOF_03_DP_CHF_04_KOF_03_EN_CHF_04_output.TextGrid,2,5,1.0594999999999857,korean
231.9415,232.1515,K,231.9415,232.482408,cup,231.9415,232.1515,K,232.069,232.15,0.08100000000001728,/Users/ernesto/Desktop/Projects/vot-cp/vot-dev/output/DP_CHF_04_KOF_03_EN_KOF_03_DP_CHF_04_KOF_03_EN_CHF_04_output.TextGrid,2,3,0.413408000000004,korean
238.556506,238.6145,P,238.556506,239.0145,potato,238.556506,238.6145,P,238.572,238.619,0.046999999999997044,/Users/ernesto/Desktop/Projects/vot-cp/vot-dev/output/DP_CHF_04_KOF_03_EN_KOF_03_DP_CHF_04_KOF_03_EN_CHF_04_output.TextGrid,2,6,0.44249999999999545,korean
239.2545,239.3445,T,239.2545,239.753356,tomato,239.2545,239.3445,T,239.304,239.36,0.056000000000011596,/Users/ernesto/Desktop/Projects/vot-cp/vot-dev/output/DP_CHF_04_KOF_03_EN_KOF_03_DP_CHF_04_KOF_03_EN_CHF_04_output.TextGrid,2,6,0.44935599999999454,korean
252.251125,252.361125,K,252.251125,252.551125,can,252.251125,252.361125,K,252.276,252.359,0.08299999999999841,/Users/ernesto/Desktop/Projects/vot-cp/vot-dev/output/DP_CHF_04_KOF_03_EN_KOF_03_DP_CHF_04_KOF_03_EN_CHF_04_output.TextGrid,2,3,0.27512500000000273,korean
268.201977,268.313474,T,268.201977,268.453,two,268.201977,268.313474,T,268.234,268.304,0.06999999999999318,/Users/ernesto/Desktop/Projects/vot-cp/vot-dev/output/DP_CHF_04_KOF_03_EN_KOF_03_DP_CHF_04_KOF_03_EN_CHF_04_output.TextGrid,2,2,0.2189999999999941,korean
268.453,268.483,P,268.453,268.773,people,268.453,268.483,P,268.46,268.491,0.03100000000000591,/Users/ernesto/Desktop/Projects/vot-cp/vot-dev/output/DP_CHF_04_KOF_03_EN_KOF_03_DP_CHF_04_KOF_03_EN_CHF_04_output.TextGrid,2,5,0.313000000000045,korean
276.325161,276.435125,K,276.325161,277.415125,curtain,276.325161,276.435125,K,276.351,276.443,0.09199999999998454,/Users/ernesto/Desktop/Projects/vot-cp/vot-dev/output/DP_CHF_04_KOF_03_EN_KOF_03_DP_CHF_04_KOF_03_EN_CHF_04_output.TextGrid,2,5,1.06412499999999,korean
280.974125,281.054125,P,280.974125,281.364879,pink,280.974125,281.054125,P,281.026,281.061,0.03499999999996817,/Users/ernesto/Desktop/Projects/vot-cp/vot-dev/output/DP_CHF_04_KOF_03_EN_KOF_03_DP_CHF_04_KOF_03_EN_CHF_04_output.TextGrid,2,4,0.33887899999996307,korean
284.899974,284.979875,P,284.899974,285.219875,paper,284.899974,284.979875,P,284.937,284.99,0.05299999999999727,/Users/ernesto/Desktop/Projects/vot-cp/vot-dev/output/DP_CHF_04_KOF_03_EN_KOF_03_DP_CHF_04_KOF_03_EN_CHF_04_output.TextGrid,2,4,0.28287499999999,korean
286.209875,286.299875,P,286.209875,286.579875,pork,286.209875,286.299875,P,286.231,286.323,0.09199999999998454,/Users/ernesto/Desktop/Projects/vot-cp/vot-dev/output/DP_CHF_04_KOF_03_EN_KOF_03_DP_CHF_04_KOF_03_EN_CHF_04_output.TextGrid,2,4,0.3488750000000209,korean
294.163,294.293,P,294.163,294.513,pork,294.163,294.293,P,294.233,294.302,0.06900000000001683,/Users/ernesto/Desktop/Projects/vot-cp/vot-dev/output/DP_CHF_04_KOF_03_EN_KOF_03_DP_CHF_04_KOF_03_EN_CHF_04_output.TextGrid,2,4,0.2799999999999727,korean
323.8505,323.9505,T,323.8505,324.576211,triangle,323.8505,323.9505,T,323.903,323.973,0.06999999999999318,/Users/ernesto/Desktop/Projects/vot-cp/vot-dev/output/DP_CHF_04_KOF_03_EN_KOF_03_DP_CHF_04_KOF_03_EN_CHF_04_output.TextGrid,2,8,0.6732109999999807,korean
328.504739,328.584625,K,328.504739,328.704625,kind,328.504739,328.584625,K,328.535,328.596,0.06099999999997863,/Users/ernesto/Desktop/Projects/vot-cp/vot-dev/output/DP_CHF_04_KOF_03_EN_KOF_03_DP_CHF_04_KOF_03_EN_CHF_04_output.TextGrid,2,4,0.16962499999999636,korean
331.779375,331.919375,K,331.779375,332.079375,kid,331.779375,331.919375,K,331.833,331.917,0.08399999999994634,/Users/ernesto/Desktop/Projects/vot-cp/vot-dev/output/DP_CHF_04_KOF_03_EN_KOF_03_DP_CHF_04_KOF_03_EN_CHF_04_output.TextGrid,2,3,0.24637500000000045,korean
334.59825,334.70825,T,334.59825,334.93723,too,334.59825,334.70825,T,334.666,334.718,0.05200000000002092,/Users/ernesto/Desktop/Projects/vot-cp/vot-dev/output/DP_CHF_04_KOF_03_EN_KOF_03_DP_CHF_04_KOF_03_EN_CHF_04_output.TextGrid,2,2,0.27123000000000275,korean
351.041625,351.221625,T,351.041625,351.331625,two,351.041625,351.221625,T,351.127,351.233,0.10599999999999454,/Users/ernesto/Desktop/Projects/vot-cp/vot-dev/output/DP_CHF_04_KOF_03_EN_KOF_03_DP_CHF_04_KOF_03_EN_CHF_04_output.TextGrid,2,2,0.20462499999996453,korean
359.01575,359.09575,K,359.01575,359.385934,color,359.01575,359.09575,K,359.05,359.097,0.04699999999996862,/Users/ernesto/Desktop/Projects/vot-cp/vot-dev/output/DP_CHF_04_KOF_03_EN_KOF_03_DP_CHF_04_KOF_03_EN_CHF_04_output.TextGrid,2,4,0.33593400000000884,korean
362.36157,362.4215,P,362.36157,362.735374,purple,362.36157,362.4215,P,362.39,362.426,0.036000000000001364,/Users/ernesto/Desktop/Projects/vot-cp/vot-dev/output/DP_CHF_04_KOF_03_EN_KOF_03_DP_CHF_04_KOF_03_EN_CHF_04_output.TextGrid,2,5,0.3453739999999925,korean
375.976159,376.023808,P,375.976159,376.192125,pant,375.976159,376.023808,P,375.985,376.016,0.03100000000000591,/Users/ernesto/Desktop/Projects/vot-cp/vot-dev/output/DP_CHF_04_KOF_03_EN_KOF_03_DP_CHF_04_KOF_03_EN_CHF_04_output.TextGrid,2,4,0.20712499999996226,korean
383.134212,383.304125,K,383.134212,383.484125,kind,383.134212,383.304125,K,383.245,383.291,0.04599999999999227,/Users/ernesto/Desktop/Projects/vot-cp/vot-dev/output/DP_CHF_04_KOF_03_EN_KOF_03_DP_CHF_04_KOF_03_EN_CHF_04_output.TextGrid,2,4,0.23912500000000136,korean
394.380625,394.460625,P,394.380625,394.740625,pet,394.380625,394.460625,P,394.399,394.475,0.07600000000002183,/Users/ernesto/Desktop/Projects/vot-cp/vot-dev/output/DP_CHF_04_KOF_03_EN_KOF_03_DP_CHF_04_KOF_03_EN_CHF_04_output.TextGrid,2,3,0.34162500000002183,korean
396.477137,396.553374,P,396.477137,396.67059,pet,396.477137,396.553374,P,396.5041629794127,396.5376157314474,0.033452752034691,/Users/ernesto/Desktop/Projects/vot-cp/vot-dev/output/DP_CHF_04_KOF_03_EN_KOF_03_DP_CHF_04_KOF_03_EN_CHF_04_output.TextGrid,2,3,0.16642702058732084,korean
400.650625,400.770625,P,400.650625,400.940625,pet,400.650625,400.770625,P,400.72,400.763,0.04299999999994952,/Users/ernesto/Desktop/Projects/vot-cp/vot-dev/output/DP_CHF_04_KOF_03_EN_KOF_03_DP_CHF_04_KOF_03_EN_CHF_04_output.TextGrid,2,3,0.22062499999998408,korean
409.9265,410.0265,K,409.9265,410.460507,cat,409.9265,410.0265,K,409.974,410.028,0.05400000000003047,/Users/ernesto/Desktop/Projects/vot-cp/vot-dev/output/DP_CHF_04_KOF_03_EN_KOF_03_DP_CHF_04_KOF_03_EN_CHF_04_output.TextGrid,2,3,0.48650700000001734,korean
418.579072,418.647686,P,418.579072,419.170877,picture,418.579072,418.647686,P,418.6053442517711,418.64025147128547,0.03490721951436626,/Users/ernesto/Desktop/Projects/vot-cp/vot-dev/output/DP_CHF_04_KOF_03_EN_KOF_03_DP_CHF_04_KOF_03_EN_CHF_04_output.TextGrid,2,5,0.5655327482289181,korean
431.59175,431.71175,T,431.59175,431.80175,too,431.59175,431.71175,T,431.655,431.714,0.05900000000002592,/Users/ernesto/Desktop/Projects/vot-cp/vot-dev/output/DP_CHF_04_KOF_03_EN_KOF_03_DP_CHF_04_KOF_03_EN_CHF_04_output.TextGrid,2,2,0.14675000000005411,korean
443.758375,443.848375,P,443.758375,444.138375,printed,443.758375,443.848375,P,443.833,443.86,0.026999999999986812,/Users/ernesto/Desktop/Projects/vot-cp/vot-dev/output/DP_CHF_04_KOF_03_EN_KOF_03_DP_CHF_04_KOF_03_EN_CHF_04_output.TextGrid,2,7,0.30537499999996953,korean
470.89575,471.00575,T,470.89575,471.259461,tree,470.89575,471.00575,T,470.892,471.02,0.1279999999999859,/Users/ernesto/Desktop/Projects/vot-cp/vot-dev/output/DP_CHF_04_KOF_03_EN_KOF_03_DP_CHF_04_KOF_03_EN_CHF_04_output.TextGrid,2,3,0.3674609999999916,korean
41.358,41.498,T,41.358,41.798,tree,41.358,41.498,T,41.393,41.511,0.1180000000000021,/Users/ernesto/Desktop/Projects/vot-cp/vot-dev/output/DP_TH_01_KO_05_EN_TH_01_DP_TH_01_KO_05_EN_KO_05_output.TextGrid,2,3,0.40500000000000114,korean
66.425606,66.5395,K,66.425606,66.6295,can,66.425606,66.5395,K,66.444,66.516,0.07200000000000273,/Users/ernesto/Desktop/Projects/vot-cp/vot-dev/output/DP_TH_01_KO_05_EN_TH_01_DP_TH_01_KO_05_EN_KO_05_output.TextGrid,2,3,0.18549999999999045,korean
67.765088,67.845,T,67.765088,68.105,tree,67.765088,67.845,T,67.786,67.881,0.09499999999999886,/Users/ernesto/Desktop/Projects/vot-cp/vot-dev/output/DP_TH_01_KO_05_EN_TH_01_DP_TH_01_KO_05_EN_KO_05_output.TextGrid,2,3,0.3190000000000026,korean
104.72725,104.87725,T,104.72725,105.231804,tree,104.72725,104.87725,T,104.764,104.907,0.14300000000000068,/Users/ernesto/Desktop/Projects/vot-cp/vot-dev/output/DP_TH_01_KO_05_EN_TH_01_DP_TH_01_KO_05_EN_KO_05_output.TextGrid,2,3,0.467804000000001,korean
132.400891,132.470875,P,132.400891,132.670875,pork,132.400891,132.470875,P,132.424,132.477,0.05299999999999727,/Users/ernesto/Desktop/Projects/vot-cp/vot-dev/output/DP_TH_01_KO_05_EN_TH_01_DP_TH_01_KO_05_EN_KO_05_output.TextGrid,2,4,0.24687499999998863,korean
142.710625,142.770625,P,142.710625,143.229031,price,142.710625,142.770625,P,142.724,142.791,0.06700000000000728,/Users/ernesto/Desktop/Projects/vot-cp/vot-dev/output/DP_TH_01_KO_05_EN_TH_01_DP_TH_01_KO_05_EN_KO_05_output.TextGrid,2,4,0.5050310000000025,korean
171.718494,171.811201,P,171.718494,171.913581,P,171.718494,171.811201,P,171.7368798256599,171.78015916894157,0.04327934328165384,/Users/ernesto/Desktop/Projects/vot-cp/vot-dev/output/DP_TH_01_KO_05_EN_TH_01_DP_TH_01_KO_05_EN_KO_05_output.TextGrid,2,2,0.17670117434008148,korean
224.580125,224.800125,P,224.580125,225.180125,poster,224.580125,224.800125,P,224.72,224.808,0.08799999999999386,/Users/ernesto/Desktop/Projects/vot-cp/vot-dev/output/DP_TH_01_KO_05_EN_TH_01_DP_TH_01_KO_05_EN_KO_05_output.TextGrid,2,5,0.460125000000005,korean
242.71175,242.84175,P,242.71175,243.150695,P,242.71175,242.84175,P,242.763,242.863,0.09999999999999432,/Users/ernesto/Desktop/Projects/vot-cp/vot-dev/output/DP_TH_01_KO_05_EN_TH_01_DP_TH_01_KO_05_EN_KO_05_output.TextGrid,2,2,0.3876950000000079,korean
302.565839,302.63575,P,302.565839,303.039856,pink,302.565839,302.63575,P,302.576,302.639,0.06299999999998818,/Users/ernesto/Desktop/Projects/vot-cp/vot-dev/output/DP_TH_01_KO_05_EN_TH_01_DP_TH_01_KO_05_EN_KO_05_output.TextGrid,2,4,0.4638559999999643,korean
342.917875,343.067875,K,342.917875,343.437875,color,342.917875,343.067875,K,342.977,343.057,0.08000000000004093,/Users/ernesto/Desktop/Projects/vot-cp/vot-dev/output/DP_TH_01_KO_05_EN_TH_01_DP_TH_01_KO_05_EN_KO_05_output.TextGrid,2,4,0.4608750000000441,korean
347.167625,347.307625,K,347.167625,347.837625,color,347.167625,347.307625,K,347.209,347.302,0.09300000000001774,/Users/ernesto/Desktop/Projects/vot-cp/vot-dev/output/DP_TH_01_KO_05_EN_TH_01_DP_TH_01_KO_05_EN_KO_05_output.TextGrid,2,4,0.6286249999999995,korean
352.68425,352.83425,K,352.68425,353.36425,cocktail,352.68425,352.83425,K,352.764,352.837,0.07299999999997908,/Users/ernesto/Desktop/Projects/vot-cp/vot-dev/output/DP_TH_01_KO_05_EN_TH_01_DP_TH_01_KO_05_EN_KO_05_output.TextGrid,2,6,0.6002500000000168,korean
370.176424,370.206375,T,370.176424,370.256375,two,370.176424,370.206375,T,370.191,370.211,0.020000000000038654,/Users/ernesto/Desktop/Projects/vot-cp/vot-dev/output/DP_TH_01_KO_05_EN_TH_01_DP_TH_01_KO_05_EN_KO_05_output.TextGrid,2,2,0.06537500000001728,korean
373.90225,374.04225,T,373.90225,374.13225,two,373.90225,374.04225,T,373.962,374.06,0.09800000000001319,/Users/ernesto/Desktop/Projects/vot-cp/vot-dev/output/DP_TH_01_KO_05_EN_TH_01_DP_TH_01_KO_05_EN_KO_05_output.TextGrid,2,2,0.17025000000001,korean
386.404591,386.5345,P,386.404591,386.9745,[P:IY:T:IY:Z_Pete's],386.404591,386.5345,P,386.434,386.537,0.1029999999999518,/Users/ernesto/Desktop/Projects/vot-cp/vot-dev/output/DP_TH_01_KO_05_EN_TH_01_DP_TH_01_KO_05_EN_KO_05_output.TextGrid,2,5,0.5404999999999518,korean
386.9745,387.1345,P,386.9745,387.3745,pet,386.9745,387.1345,P,387.096,387.132,0.036000000000001364,/Users/ernesto/Desktop/Projects/vot-cp/vot-dev/output/DP_TH_01_KO_05_EN_TH_01_DP_TH_01_KO_05_EN_KO_05_output.TextGrid,2,3,0.2785000000000082,korean
389.672625,389.832625,P,389.672625,390.148472,[P:IY:T:IY:Z_Pete's],389.672625,389.832625,P,389.802,389.837,0.03499999999996817,/Users/ernesto/Desktop/Projects/vot-cp/vot-dev/output/DP_TH_01_KO_05_EN_TH_01_DP_TH_01_KO_05_EN_KO_05_output.TextGrid,2,5,0.34647200000000566,korean
390.21377,390.258914,P,390.21377,390.352625,pet,390.21377,390.258914,P,390.223,390.2333662493226,0.010366249322601107,/Users/ernesto/Desktop/Projects/vot-cp/vot-dev/output/DP_TH_01_KO_05_EN_TH_01_DP_TH_01_KO_05_EN_KO_05_output.TextGrid,2,3,0.1296249999999759,korean
398.560304,398.63025,K,398.560304,398.76025,can,398.560304,398.63025,K,398.581,398.638,0.05699999999995953,/Users/ernesto/Desktop/Projects/vot-cp/vot-dev/output/DP_TH_01_KO_05_EN_TH_01_DP_TH_01_KO_05_EN_KO_05_output.TextGrid,2,3,0.1792499999999677,korean
440.342625,440.402625,P,440.342625,440.552625,pet,440.342625,440.402625,P,440.371,440.401,0.03000000000002956,/Users/ernesto/Desktop/Projects/vot-cp/vot-dev/output/DP_TH_01_KO_05_EN_TH_01_DP_TH_01_KO_05_EN_KO_05_output.TextGrid,2,3,0.18162499999999682,korean
446.644875,446.854875,K,446.644875,447.204875,color,446.644875,446.854875,K,446.746,446.857,0.11100000000004684,/Users/ernesto/Desktop/Projects/vot-cp/vot-dev/output/DP_TH_01_KO_05_EN_TH_01_DP_TH_01_KO_05_EN_KO_05_output.TextGrid,2,4,0.45887500000003456,korean
457.727875,457.847875,K,457.727875,458.007875,kind,457.727875,457.847875,K,457.823,457.854,0.03100000000000591,/Users/ernesto/Desktop/Projects/vot-cp/vot-dev/output/DP_TH_01_KO_05_EN_TH_01_DP_TH_01_KO_05_EN_KO_05_output.TextGrid,2,4,0.18487500000003365,korean
475.923625,476.023625,K,475.923625,476.273625,carry,475.923625,476.023625,K,475.958,476.02,0.06199999999995498,/Users/ernesto/Desktop/Projects/vot-cp/vot-dev/output/DP_TH_01_KO_05_EN_TH_01_DP_TH_01_KO_05_EN_KO_05_output.TextGrid,2,4,0.3156249999999545,korean
481.182875,481.292875,T,481.182875,481.372875,two,481.182875,481.292875,T,481.244,481.304,0.05999999999994543,/Users/ernesto/Desktop/Projects/vot-cp/vot-dev/output/DP_TH_01_KO_05_EN_TH_01_DP_TH_01_KO_05_EN_KO_05_output.TextGrid,2,2,0.12887499999999363,korean
482.803598,482.851161,P,482.803598,483.252348,picture,482.803598,482.851161,P,482.809,482.844,0.03499999999996817,/Users/ernesto/Desktop/Projects/vot-cp/vot-dev/output/DP_TH_01_KO_05_EN_TH_01_DP_TH_01_KO_05_EN_KO_05_output.TextGrid,2,5,0.44334799999995766,korean
487.422375,487.562375,T,487.422375,487.712375,two,487.422375,487.562375,T,487.491,487.562,0.07100000000002638,/Users/ernesto/Desktop/Projects/vot-cp/vot-dev/output/DP_TH_01_KO_05_EN_TH_01_DP_TH_01_KO_05_EN_KO_05_output.TextGrid,2,2,0.2213750000000232,korean
492.536255,492.62625,T,492.536255,492.934034,ten,492.536255,492.62625,T,492.563,492.666,0.10300000000000864,/Users/ernesto/Desktop/Projects/vot-cp/vot-dev/output/DP_TH_01_KO_05_EN_TH_01_DP_TH_01_KO_05_EN_KO_05_output.TextGrid,2,3,0.37103400000000875,korean
494.860938,494.970875,T,494.860938,495.301884,ten,494.860938,494.970875,T,494.88,494.961,0.08100000000001728,/Users/ernesto/Desktop/Projects/vot-cp/vot-dev/output/DP_TH_01_KO_05_EN_TH_01_DP_TH_01_KO_05_EN_KO_05_output.TextGrid,2,3,0.4218839999999773,korean
19.691875,19.771875,P,19.691875,19.931875,pet,19.691875,19.771875,P,19.737,19.763,0.026000000000003354,/Users/ernesto/Desktop/Projects/vot-cp/vot-dev/output/DP_ENF_10_ENF_11_EN_ENF_10_DP_ENF_10_ENF_11_EN_ENF_11_output.TextGrid,2,3,0.19487500000000324,english
26.528125,26.628125,P,26.528125,26.798125,pet,26.528125,26.628125,P,26.59034250248504,26.618089395439444,0.027746892954404245,/Users/ernesto/Desktop/Projects/vot-cp/vot-dev/output/DP_ENF_10_ENF_11_EN_ENF_10_DP_ENF_10_ENF_11_EN_ENF_11_output.TextGrid,2,3,0.20778249751495892,english
28.738125,28.848125,P,28.738125,28.958125,paw,28.738125,28.848125,P,28.815,28.852,0.036999999999999034,/Users/ernesto/Desktop/Projects/vot-cp/vot-dev/output/DP_ENF_10_ENF_11_EN_ENF_10_DP_ENF_10_ENF_11_EN_ENF_11_output.TextGrid,2,2,0.14312499999999773,english
28.958125,29.048125,P,28.958125,29.399008,prints,28.958125,29.048125,P,29.029,29.058,0.028999999999999915,/Users/ernesto/Desktop/Projects/vot-cp/vot-dev/output/DP_ENF_10_ENF_11_EN_ENF_10_DP_ENF_10_ENF_11_EN_ENF_11_output.TextGrid,2,6,0.37000799999999856,english
41.066375,41.096375,T,41.066375,41.126375,too,41.066375,41.096375,T,41.16,41.181,0.021000000000000796,/Users/ernesto/Desktop/Projects/vot-cp/vot-dev/output/DP_ENF_10_ENF_11_EN_ENF_10_DP_ENF_10_ENF_11_EN_ENF_11_output.TextGrid,2,2,-0.03362499999999358,english
44.136375,44.196375,P,44.136375,44.623492,picture,44.136375,44.196375,P,44.182497151040934,44.203505512849276,0.021008361808341647,/Users/ernesto/Desktop/Projects/vot-cp/vot-dev/output/DP_ENF_10_ENF_11_EN_ENF_10_DP_ENF_10_ENF_11_EN_ENF_11_output.TextGrid,2,6,0.4409948489590647,english
52.471,52.581,T,52.471,52.671,tea,52.471,52.581,T,52.516,52.585,0.06900000000000261,/Users/ernesto/Desktop/Projects/vot-cp/vot-dev/output/DP_ENF_10_ENF_11_EN_ENF_10_DP_ENF_10_ENF_11_EN_ENF_11_output.TextGrid,2,2,0.15500000000000114,english
52.671,52.751,P,52.671,53.125511,pot,52.671,52.751,P,52.73,52.74645785600064,0.01645785600064187,/Users/ernesto/Desktop/Projects/vot-cp/vot-dev/output/DP_ENF_10_ENF_11_EN_ENF_10_DP_ENF_10_ENF_11_EN_ENF_11_output.TextGrid,2,3,0.39551100000000616,english
90.17875,90.33875,P,90.17875,90.83875,purple,90.17875,90.33875,P,90.264,90.349,0.08500000000000796,/Users/ernesto/Desktop/Projects/vot-cp/vot-dev/output/DP_ENF_10_ENF_11_EN_ENF_10_DP_ENF_10_ENF_11_EN_ENF_11_output.TextGrid,2,5,0.5747500000000088,english
122.863125,123.013125,P,122.863125,123.213125,pork,122.863125,123.013125,P,122.947,123.019,0.07200000000000273,/Users/ernesto/Desktop/Projects/vot-cp/vot-dev/output/DP_ENF_10_ENF_11_EN_ENF_10_DP_ENF_10_ENF_11_EN_ENF_11_output.TextGrid,2,4,0.2661250000000024,english
150.398375,150.488375,T,150.398375,150.628375,two,150.398375,150.488375,T,150.426,150.501,0.07500000000001705,/Users/ernesto/Desktop/Projects/vot-cp/vot-dev/output/DP_ENF_10_ENF_11_EN_ENF_10_DP_ENF_10_ENF_11_EN_ENF_11_output.TextGrid,2,2,0.20237500000001774,english
178.28425,178.36425,P,178.28425,178.812443,pocket,178.28425,178.36425,P,178.345,178.35565057804908,0.01065057804908065,/Users/ernesto/Desktop/Projects/vot-cp/vot-dev/output/DP_ENF_10_ENF_11_EN_ENF_10_DP_ENF_10_ENF_11_EN_ENF_11_output.TextGrid,2,6,0.46744300000000294,english
189.02575,189.15575,T,189.02575,189.52575,two,189.02575,189.15575,T,189.041,189.158,0.11699999999999022,/Users/ernesto/Desktop/Projects/vot-cp/vot-dev/output/DP_ENF_10_ENF_11_EN_ENF_10_DP_ENF_10_ENF_11_EN_ENF_11_output.TextGrid,2,2,0.48474999999999113,english
190.938625,191.048625,P,190.938625,191.298625,pink,190.938625,191.048625,P,190.999,191.062,0.0630000000000166,/Users/ernesto/Desktop/Projects/vot-cp/vot-dev/output/DP_ENF_10_ENF_11_EN_ENF_10_DP_ENF_10_ENF_11_EN_ENF_11_output.TextGrid,2,4,0.2996249999999918,english
192.8445,192.9445,P,192.8445,193.2945,panels,192.8445,192.9445,P,192.875,192.953,0.07800000000000296,/Users/ernesto/Desktop/Projects/vot-cp/vot-dev/output/DP_ENF_10_ENF_11_EN_ENF_10_DP_ENF_10_ENF_11_EN_ENF_11_output.TextGrid,2,6,0.4194999999999993,english
200.41025,200.55025,T,200.41025,200.800092,tree,200.41025,200.55025,T,200.425,200.559,0.13399999999998613,/Users/ernesto/Desktop/Projects/vot-cp/vot-dev/output/DP_ENF_10_ENF_11_EN_ENF_10_DP_ENF_10_ENF_11_EN_ENF_11_output.TextGrid,2,3,0.3750919999999951,english
226.828125,226.968125,K,226.828125,227.332995,cat,226.828125,226.968125,K,226.895,226.978,0.08299999999999841,/Users/ernesto/Desktop/Projects/vot-cp/vot-dev/output/DP_ENF_10_ENF_11_EN_ENF_10_DP_ENF_10_ENF_11_EN_ENF_11_output.TextGrid,2,4,0.4379950000000008,english
236.7275,236.9575,T,236.7275,237.1575,two,236.7275,236.9575,T,236.788,236.954,0.16599999999999682,/Users/ernesto/Desktop/Projects/vot-cp/vot-dev/output/DP_ENF_10_ENF_11_EN_ENF_10_DP_ENF_10_ENF_11_EN_ENF_11_output.TextGrid,2,2,0.36949999999998795,english
261.54625,261.77625,T,261.54625,261.97625,tree,261.54625,261.77625,T,261.64,261.798,0.15800000000001546,/Users/ernesto/Desktop/Projects/vot-cp/vot-dev/output/DP_ENF_10_ENF_11_EN_ENF_10_DP_ENF_10_ENF_11_EN_ENF_11_output.TextGrid,2,3,0.3362500000000068,english
270.616125,270.716125,P,270.616125,271.106125,purse,270.616125,270.716125,P,270.66,270.719,0.05899999999996908,/Users/ernesto/Desktop/Projects/vot-cp/vot-dev/output/DP_ENF_10_ENF_11_EN_ENF_10_DP_ENF_10_ENF_11_EN_ENF_11_output.TextGrid,2,3,0.446124999999995,english
